composite,scene_id,product_id,datetime,mgrs_tile,cloud_pct,platform,baseline,orbit,nodata_pct,used
2024_11,S2A_MSIL2A_20241101T111221_R137_T29SPR_20241101T153152,S2A_MSIL2A_20241101T111221_N0511_R137_T29SPR_20241101T153152,2024-11-01 11:12:21,29SPR,1.578,Sentinel-2A,05.11,137,0.0,True
2024_11,S2A_MSIL2A_20241101T111221_R137_T29SPS_20241101T153152,S2A_MSIL2A_20241101T111221_N0511_R137_T29SPS_20241101T153152,2024-11-01 11:12:21,29SPS,1.581,Sentinel-2A,05.11,137,0.0,True
2024_11,S2A_MSIL2A_20241101T111221_R137_T29SQR_20241101T153152,S2A_MSIL2A_20241101T111221_N0511_R137_T29SQR_20241101T153152,2024-11-01 11:12:21,29SQR,0.267,Sentinel-2A,05.11,137,35.07,True
2024_11,S2A_MSIL2A_20241101T111221_R137_T29SQS_20241101T153152,S2A_MSIL2A_20241101T111221_N0511_R137_T29SQS_20241101T153152,2024-11-01 11:12:21,29SQS,0.198,Sentinel-2A,05.11,137,14.32,True
2024_11,S2B_MSIL2A_20241103T110129_R094_T29SQR_20241103T134104,S2B_MSIL2A_20241103T110129_N0511_R094_T29SQR_20241103T134104,2024-11-03 11:01:29,29SQR,39.599,Sentinel-2B,05.11,94,8.12,True
2024_11,S2B_MSIL2A_20241103T110129_R094_T29SQS_20241103T134104,S2B_MSIL2A_20241103T110129_N0511_R094_T29SQS_20241103T134104,2024-11-03 11:01:29,29SQS,22.558,Sentinel-2B,05.11,94,26.29,True
2024_11,S2B_MSIL2A_20241106T111149_R137_T29SPR_20241106T123759,S2B_MSIL2A_20241106T111149_N0511_R137_T29SPR_20241106T123759,2024-11-06 11:11:49,29SPR,0.0,Sentinel-2B,05.11,137,34.66,True
2024_11,S2B_MSIL2A_20241106T111149_R137_T29SPS_20241106T123759,S2B_MSIL2A_20241106T111149_N0511_R137_T29SPS_20241106T123759,2024-11-06 11:11:49,29SPS,0.0,Sentinel-2B,05.11,137,0.0,True
2024_11,S2B_MSIL2A_20241106T111149_R137_T29SQR_20241106T123759,S2B_MSIL2A_20241106T111149_N0511_R137_T29SQR_20241106T123759,2024-11-06 11:11:49,29SQR,0.0,Sentinel-2B,05.11,137,43.31,True
2024_11,S2B_MSIL2A_20241106T111149_R137_T29SQS_20241106T123759,S2B_MSIL2A_20241106T111149_N0511_R137_T29SQS_20241106T123759,2024-11-06 11:11:49,29SQS,0.0,Sentinel-2B,05.11,137,12.91,True
2024_11,S2A_MSIL2A_20241108T110251_R094_T29SQR_20241108T151353,S2A_MSIL2A_20241108T110251_N0511_R094_T29SQR_20241108T151353,2024-11-08 11:02:51,29SQR,37.474,Sentinel-2A,05.11,94,8.43,True
2024_11,S2A_MSIL2A_20241108T110251_R094_T29SQS_20241108T151353,S2A_MSIL2A_20241108T110251_N0511_R094_T29SQS_20241108T151353,2024-11-08 11:02:51,29SQS,91.605,Sentinel-2A,05.11,94,26.57,False
2024_11,S2A_MSIL2A_20241111T111311_R137_T29SPR_20241111T151952,S2A_MSIL2A_20241111T111311_N0511_R137_T29SPR_20241111T151952,2024-11-11 11:13:11,29SPR,0.0,Sentinel-2A,05.11,137,0.0,True
2024_11,S2A_MSIL2A_20241111T111311_R137_T29SPS_20241111T151952,S2A_MSIL2A_20241111T111311_N0511_R137_T29SPS_20241111T151952,2024-11-11 11:13:11,29SPS,0.001,Sentinel-2A,05.11,137,0.0,True
2024_11,S2A_MSIL2A_20241111T111311_R137_T29SQR_20241111T151952,S2A_MSIL2A_20241111T111311_N0511_R137_T29SQR_20241111T151952,2024-11-11 11:13:11,29SQR,0.148,Sentinel-2A,05.11,137,34.25,True
2024_11,S2A_MSIL2A_20241111T111311_R137_T29SQS_20241111T151952,S2A_MSIL2A_20241111T111311_N0511_R137_T29SQS_20241111T151952,2024-11-11 11:13:11,29SQS,0.0,Sentinel-2A,05.11,137,13.55,True
2024_11,S2B_MSIL2A_20241113T110219_R094_T29SQR_20241113T133656,S2B_MSIL2A_20241113T110219_N0511_R094_T29SQR_20241113T133656,2024-11-13 11:02:19,29SQR,11.905,Sentinel-2B,05.11,94,8.46,True
2024_11,S2B_MSIL2A_20241113T110219_R094_T29SQS_20241113T133656,S2B_MSIL2A_20241113T110219_N0511_R094_T29SQS_20241113T133656,2024-11-13 11:02:19,29SQS,13.941,Sentinel-2B,05.11,94,26.64,True
2024_11,S2B_MSIL2A_20241116T111239_R137_T29SPR_20241116T142116,S2B_MSIL2A_20241116T111239_N0511_R137_T29SPR_20241116T142116,2024-11-16 11:12:39,29SPR,2.574,Sentinel-2B,05.11,137,0.0,True
2024_11,S2B_MSIL2A_20241116T111239_R137_T29SPS_20241116T142116,S2B_MSIL2A_20241116T111239_N0511_R137_T29SPS_20241116T142116,2024-11-16 11:12:39,29SPS,0.018,Sentinel-2B,05.11,137,0.0,True
2024_11,S2B_MSIL2A_20241116T111239_R137_T29SQR_20241116T142116,S2B_MSIL2A_20241116T111239_N0511_R137_T29SQR_20241116T142116,2024-11-16 11:12:39,29SQR,20.669,Sentinel-2B,05.11,137,34.34,True
2024_11,S2B_MSIL2A_20241116T111239_R137_T29SQS_20241116T142116,S2B_MSIL2A_20241116T111239_N0511_R137_T29SQS_20241116T142116,2024-11-16 11:12:39,29SQS,3.014,Sentinel-2B,05.11,137,13.6,True
2024_11,S2A_MSIL2A_20241118T110341_R094_T29SQR_20241118T151707,S2A_MSIL2A_20241118T110341_N0511_R094_T29SQR_20241118T151707,2024-11-18 11:03:41,29SQR,42.869,Sentinel-2A,05.11,94,7.76,False
2024_11,S2A_MSIL2A_20241118T110341_R094_T29SQS_20241118T151707,S2A_MSIL2A_20241118T110341_N0511_R094_T29SQS_20241118T151707,2024-11-18 11:03:41,29SQS,29.647,Sentinel-2A,05.11,94,25.93,True
2024_11,S2B_MSIL2A_20241123T110309_R094_T29SQR_20250128T154202,S2B_MSIL2A_20241123T110309_N0511_R094_T29SQR_20250128T154202,2024-11-23 11:03:09,29SQR,0.0,Sentinel-2B,05.11,94,7.35,True
2024_11,S2B_MSIL2A_20241123T110309_R094_T29SQR_20241123T134255,S2B_MSIL2A_20241123T110309_N0511_R094_T29SQR_20241123T134255,2024-11-23 11:03:09,29SQR,0.0,Sentinel-2B,05.11,94,7.35,True
2024_11,S2B_MSIL2A_20241123T110309_R094_T29SQS_20250128T154202,S2B_MSIL2A_20241123T110309_N0511_R094_T29SQS_20250128T154202,2024-11-23 11:03:09,29SQS,0.002,Sentinel-2B,05.11,94,25.41,True
2024_11,S2B_MSIL2A_20241123T110309_R094_T29SQS_20241123T134255,S2B_MSIL2A_20241123T110309_N0511_R094_T29SQS_20241123T134255,2024-11-23 11:03:09,29SQS,0.002,Sentinel-2B,05.11,94,25.41,True
2024_11,S2B_MSIL2A_20241126T111319_R137_T29SPR_20241126T122745,S2B_MSIL2A_20241126T111319_N0511_R137_T29SPR_20241126T122745,2024-11-26 11:13:19,29SPR,87.052,Sentinel-2B,05.11,137,0.0,False
2024_11,S2B_MSIL2A_20241126T111319_R137_T29SPS_20241126T122745,S2B_MSIL2A_20241126T111319_N0511_R137_T29SPS_20241126T122745,2024-11-26 11:13:19,29SPS,85.06,Sentinel-2B,05.11,137,0.0,False
2024_11,S2B_MSIL2A_20241126T111319_R137_T29SQR_20241126T122745,S2B_MSIL2A_20241126T111319_N0511_R137_T29SQR_20241126T122745,2024-11-26 11:13:19,29SQR,12.109,Sentinel-2B,05.11,137,35.59,True
2024_11,S2B_MSIL2A_20241126T111319_R137_T29SQS_20241126T122745,S2B_MSIL2A_20241126T111319_N0511_R137_T29SQS_20241126T122745,2024-11-26 11:13:19,29SQS,23.304,Sentinel-2B,05.11,137,14.83,True
2024_11,S2A_MSIL2A_20241128T110411_R094_T29SQR_20241128T152055,S2A_MSIL2A_20241128T110411_N0511_R094_T29SQR_20241128T152055,2024-11-28 11:04:11,29SQR,3.488,Sentinel-2A,05.11,94,8.45,True
2024_11,S2A_MSIL2A_20241128T110411_R094_T29SQS_20241128T152055,S2A_MSIL2A_20241128T110411_N0511_R094_T29SQS_20241128T152055,2024-11-28 11:04:11,29SQS,0.376,Sentinel-2A,05.11,94,26.64,True
2025_01,S2B_MSIL2A_20250102T110349_R094_T29SQR_20250102T163547,S2B_MSIL2A_20250102T110349_N0511_R094_T29SQR_20250102T163547,2025-01-02 11:03:49,29SQR,0.02,Sentinel-2B,05.11,94,8.3,True
2025_01,S2B_MSIL2A_20250102T110349_R094_T29SQS_20250102T163547,S2B_MSIL2A_20250102T110349_N0511_R094_T29SQS_20250102T163547,2025-01-02 11:03:49,29SQS,0.005,Sentinel-2B,05.11,94,26.45,True
2025_01,S2B_MSIL2A_20250105T111349_R137_T29SPR_20250105T132250,S2B_MSIL2A_20250105T111349_N0511_R137_T29SPR_20250105T132250,2025-01-05 11:13:49,29SPR,0.003,Sentinel-2B,05.11,137,0.0,True
2025_01,S2B_MSIL2A_20250105T111349_R137_T29SPS_20250105T132250,S2B_MSIL2A_20250105T111349_N0511_R137_T29SPS_20250105T132250,2025-01-05 11:13:49,29SPS,0.088,Sentinel-2B,05.11,137,0.0,True
2025_01,S2B_MSIL2A_20250105T111349_R137_T29SQR_20250105T132250,S2B_MSIL2A_20250105T111349_N0511_R137_T29SQR_20250105T132250,2025-01-05 11:13:49,29SQR,3.249,Sentinel-2B,05.11,137,34.62,True
2025_01,S2B_MSIL2A_20250105T111349_R137_T29SQS_20250105T132250,S2B_MSIL2A_20250105T111349_N0511_R137_T29SQS_20250105T132250,2025-01-05 11:13:49,29SQS,17.251,Sentinel-2B,05.11,137,13.89,True
2025_01,S2A_MSIL2A_20250110T111431_R137_T29SPR_20250110T151150,S2A_MSIL2A_20250110T111431_N0511_R137_T29SPR_20250110T151150,2025-01-10 11:14:31,29SPR,1.844,Sentinel-2A,05.11,137,0.0,True
2025_01,S2A_MSIL2A_20250110T111431_R137_T29SPS_20250110T151150,S2A_MSIL2A_20250110T111431_N0511_R137_T29SPS_20250110T151150,2025-01-10 11:14:31,29SPS,14.02,Sentinel-2A,05.11,137,0.0,True
2025_01,S2A_MSIL2A_20250110T111431_R137_T29SQR_20250110T151150,S2A_MSIL2A_20250110T111431_N0511_R137_T29SQR_20250110T151150,2025-01-10 11:14:31,29SQR,0.014,Sentinel-2A,05.11,137,33.34,True
2025_01,S2A_MSIL2A_20250110T111431_R137_T29SQS_20250110T151150,S2A_MSIL2A_20250110T111431_N0511_R137_T29SQS_20250110T151150,2025-01-10 11:14:31,29SQS,0.025,Sentinel-2A,05.11,137,12.6,True
2025_01,S2B_MSIL2A_20250112T110329_R094_T29SQR_20250112T133937,S2B_MSIL2A_20250112T110329_N0511_R094_T29SQR_20250112T133937,2025-01-12 11:03:29,29SQR,0.895,Sentinel-2B,05.11,94,8.44,True
2025_01,S2B_MSIL2A_20250112T110329_R094_T29SQS_20250112T133937,S2B_MSIL2A_20250112T110329_N0511_R094_T29SQS_20250112T133937,2025-01-12 11:03:29,29SQS,9.244,Sentinel-2B,05.11,94,26.63,True
2025_01,S2B_MSIL2A_20250115T111319_R137_T29SPR_20250115T133241,S2B_MSIL2A_20250115T111319_N0511_R137_T29SPR_20250115T133241,2025-01-15 11:13:19,29SPR,1.228,Sentinel-2B,05.11,137,0.0,True
2025_01,S2B_MSIL2A_20250115T111319_R137_T29SPS_20250115T133241,S2B_MSIL2A_20250115T111319_N0511_R137_T29SPS_20250115T133241,2025-01-15 11:13:19,29SPS,0.075,Sentinel-2B,05.11,137,0.0,True
2025_01,S2B_MSIL2A_20250115T111319_R137_T29SQR_20250115T133241,S2B_MSIL2A_20250115T111319_N0511_R137_T29SQR_20250115T133241,2025-01-15 11:13:19,29SQR,0.035,Sentinel-2B,05.11,137,34.08,True
2025_01,S2B_MSIL2A_20250115T111319_R137_T29SQS_20250115T133241,S2B_MSIL2A_20250115T111319_N0511_R137_T29SQS_20250115T133241,2025-01-15 11:13:19,29SQS,0.003,Sentinel-2B,05.11,137,13.35,True
2025_01,S2A_MSIL2A_20250117T110401_R094_T29SQR_20250117T164152,S2A_MSIL2A_20250117T110401_N0511_R094_T29SQR_20250117T164152,2025-01-17 11:04:01,29SQR,0.101,Sentinel-2A,05.11,94,8.07,True
2025_01,S2A_MSIL2A_20250117T110401_R094_T29SQS_20250117T164152,S2A_MSIL2A_20250117T110401_N0511_R094_T29SQS_20250117T164152,2025-01-17 11:04:01,29SQS,43.86,Sentinel-2A,05.11,94,26.24,False
2025_01,S2A_MSIL2A_20250120T111401_R137_T29SPR_20250120T170453,S2A_MSIL2A_20250120T111401_N0511_R137_T29SPR_20250120T170453,2025-01-20 11:14:01,29SPR,25.753,Sentinel-2A,05.11,137,0.0,True
2025_01,S2A_MSIL2A_20250120T111401_R137_T29SPS_20250120T170453,S2A_MSIL2A_20250120T111401_N0511_R137_T29SPS_20250120T170453,2025-01-20 11:14:01,29SPS,91.245,Sentinel-2A,05.11,137,0.0,False
2025_01,S2A_MSIL2A_20250120T111401_R137_T29SQR_20250120T170453,S2A_MSIL2A_20250120T111401_N0511_R137_T29SQR_20250120T170453,2025-01-20 11:14:01,29SQR,25.91,Sentinel-2A,05.11,137,34.45,True
2025_01,S2A_MSIL2A_20250120T111401_R137_T29SQS_20250120T170453,S2A_MSIL2A_20250120T111401_N0511_R137_T29SQS_20250120T170453,2025-01-20 11:14:01,29SQS,50.5,Sentinel-2A,05.11,137,13.68,False
2025_01,S2B_MSIL2A_20250122T110249_R094_T29SQR_20250122T135325,S2B_MSIL2A_20250122T110249_N0511_R094_T29SQR_20250122T135325,2025-01-22 11:02:49,29SQR,76.913,Sentinel-2B,05.11,94,8.14,False
2025_01,S2B_MSIL2A_20250122T110249_R094_T29SQS_20250122T135325,S2B_MSIL2A_20250122T110249_N0511_R094_T29SQS_20250122T135325,2025-01-22 11:02:49,29SQS,97.538,Sentinel-2B,05.11,94,26.28,False
2025_01,S2B_MSIL2A_20250125T111239_R137_T29SPR_20250125T133058,S2B_MSIL2A_20250125T111239_N0511_R137_T29SPR_20250125T133058,2025-01-25 11:12:39,29SPR,18.618,Sentinel-2B,05.11,137,0.0,True
2025_01,S2B_MSIL2A_20250125T111239_R137_T29SPS_20250125T133058,S2B_MSIL2A_20250125T111239_N0511_R137_T29SPS_20250125T133058,2025-01-25 11:12:39,29SPS,38.769,Sentinel-2B,05.11,137,0.0,True
2025_01,S2B_MSIL2A_20250125T111239_R137_T29SQR_20250125T133058,S2B_MSIL2A_20250125T111239_N0511_R137_T29SQR_20250125T133058,2025-01-25 11:12:39,29SQR,7.095,Sentinel-2B,05.11,137,34.74,True
2025_01,S2B_MSIL2A_20250125T111239_R137_T29SQS_20250125T133058,S2B_MSIL2A_20250125T111239_N0511_R137_T29SQS_20250125T133058,2025-01-25 11:12:39,29SQS,35.338,Sentinel-2B,05.11,137,14.04,True
2025_01,S2C_MSIL2A_20250127T110351_R094_T29SQR_20250127T150210,S2C_MSIL2A_20250127T110351_N0511_R094_T29SQR_20250127T150210,2025-01-27 11:03:51,29SQR,14.298,Sentinel-2C,05.11,94,7.29,True
2025_01,S2C_MSIL2A_20250127T110351_R094_T29SQS_20250127T150210,S2C_MSIL2A_20250127T110351_N0511_R094_T29SQS_20250127T150210,2025-01-27 11:03:51,29SQS,78.538,Sentinel-2C,05.11,94,25.36,False
2025_01,S2C_MSIL2A_20250130T111341_R137_T29SPR_20250206T165811,S2C_MSIL2A_20250130T111341_N0511_R137_T29SPR_20250206T165811,2025-01-30 11:13:41,29SPR,86.331,Sentinel-2C,05.11,137,0.0,False
2025_01,S2C_MSIL2A_20250130T111341_R137_T29SPS_20250206T165811,S2C_MSIL2A_20250130T111341_N0511_R137_T29SPS_20250206T165811,2025-01-30 11:13:41,29SPS,66.504,Sentinel-2C,05.11,137,0.0,False
2025_01,S2C_MSIL2A_20250130T111341_R137_T29SQR_20250206T165811,S2C_MSIL2A_20250130T111341_N0511_R137_T29SQR_20250206T165811,2025-01-30 11:13:41,29SQR,99.166,Sentinel-2C,05.11,137,35.35,False
2025_01,S2C_MSIL2A_20250130T111341_R137_T29SQS_20250206T165811,S2C_MSIL2A_20250130T111341_N0511_R137_T29SQS_20250206T165811,2025-01-30 11:13:41,29SQS,91.796,Sentinel-2C,05.11,137,14.62,False
