Echantillon,Latitude,Longitude,N,P,K,B2_2024_11,B3_2024_11,B4_2024_11,B5_2024_11,B6_2024_11,B7_2024_11,B8_2024_11,B8A_2024_11,B11_2024_11,B12_2024_11,NDVI_2024_11,SAVI_2024_11,EVI_2024_11,GNDVI_2024_11,NDRE_2024_11,NDMI_2024_11,MNDWI_2024_11,BSI_2024_11,SI_2024_11,VSSI_2024_11,B2_2025_01,B3_2025_01,B4_2025_01,B5_2025_01,B6_2025_01,B7_2025_01,B8_2025_01,B8A_2025_01,B11_2025_01,B12_2025_01,NDVI_2025_01,SAVI_2025_01,EVI_2025_01,GNDVI_2025_01,NDRE_2025_01,NDMI_2025_01,MNDWI_2025_01,BSI_2025_01,SI_2025_01,VSSI_2025_01,x_m,y_m,block
1,32.33640833,-6.428755,644.91,6.21,16.68,0.04230000078678131,0.06665000319480896,0.1028999984264374,0.1169999986886978,0.1261499971151352,0.1365499943494797,0.1410000026226044,0.1485999971628189,0.2089499980211258,0.1915999948978424,0.15621157800772012,0.07682485040147602,0.06609305855122423,0.3580544039816545,0.11897589927979944,-0.1941705817384122,-0.5163279886871106,0.2596182829762655,0.04003481855475188,-1.086199998855591,0.02520000003278255,0.05025000125169754,0.02859999984502792,0.08139999955892563,0.307449996471405,0.405349999666214,0.4216000139713287,0.4083000123500824,0.1584500074386597,0.08609999716281891,0.8729453602675055,0.6203957194462667,0.6996866730970105,0.7870085831344076,0.6675515707039579,0.45366778099470606,-0.5184475379157657,-0.40979726684064766,0.013642545190917234,-2.1505000665783878,403021.61578751163,193938.34469488286,10
2,32.35087667,-6.43830167,1267.11,22.11,40.53,0.06859999895095825,0.09679999947547913,0.1309999972581863,0.1544000059366226,0.1750999987125397,0.1946000009775162,0.210999995470047,0.221000000834465,0.3235999941825867,0.2869000136852264,0.23391812771620057,0.14251781277214645,0.13490724944262628,0.3710201348241043,0.17741074459021836,-0.21062476745478226,-0.5394861978806074,0.23835467195767407,0.09284084275952331,-1.5163999646902084,0.03375000134110451,0.0601000003516674,0.03730000182986259,0.0925000011920929,0.3591000139713287,0.485799998044968,0.4916000068187714,0.4975999891757965,0.2027000039815903,0.1036500036716461,0.8589525367766879,0.6623092640249713,0.776700693413257,0.7821279682377658,0.686493804286721,0.41610254634454924,-0.542617963226794,-0.37283595318034024,0.021009856156934514,-2.524300042539835,402139.03795063845,195551.2324684111,10
3,32.35795,-6.42322,1008.65,10.44,16.11,0.0397999994456768,0.0575999990105629,0.09099999815225601,0.1128999963402748,0.1324000060558319,0.1486999988555908,0.1509999930858612,0.1695999950170517,0.2594999969005585,0.2241999953985214,0.24793387131421007,0.12129379172933932,0.10725776819363707,0.4477468704043759,0.2007079653476897,-0.2643118299563781,-0.6367076627458476,0.2950304930523566,0.05817989811102154,-1.0947999581694603,0.03480000048875809,0.06219999864697456,0.05119999870657921,0.1171000003814697,0.2540999948978424,0.302300006151199,0.365200012922287,0.3188000023365021,0.2369000017642975,0.1703000068664551,0.7540826241414486,0.5139677164411828,0.5561853724721365,0.7089377757709127,0.4627208080629719,0.21308753996906457,-0.584085597770041,-0.16262172724901114,0.040344071927123096,-1.9576000608503819,403565.99014929443,196321.3766109861,10
4,32.39102833,-6.42519667,971.28,9.43,14.57,0.05719999969005585,0.06809999793767929,0.09780000150203705,0.1167000010609627,0.130500003695488,0.1405999958515167,0.1506000012159348,0.1650000065565109,0.2518999874591827,0.2153999954462051,0.2125603821401137,0.1058257606670433,0.10088657751325406,0.3772290956575574,0.17145901319845464,-0.25167699091126267,-0.5743749916712677,0.25452913072608085,0.05425925615160707,-1.1058000177145006,0.04309999942779541,0.07660000026226044,0.07199999690055847,0.1228000000119209,0.2073000073432922,0.223199993371964,0.2802000045776367,0.2443999946117401,0.2205999940633774,0.1617999970912933,0.5911414145715912,0.366463284409661,0.3747435277281436,0.5706278054455397,0.3311546733362318,0.11900960574477254,-0.48452219403078456,-0.04984577568177668,0.03569307839779379,-1.607800006866455,403416.0172125292,199990.32094644173,10
5,32.4102,-6.44531167,1137.82,18.44,26.02,0.04385000094771385,0.06615000218153,0.1080000028014183,0.1272999942302704,0.1411499977111816,0.1563500016927719,0.1712000072002411,0.1775500029325485,0.2825999855995178,0.2508000135421753,0.22636103835413945,0.12166325125949663,0.10601715008825056,0.44259532514762057,0.16483519437464386,-0.24548254720433604,-0.6206451337088914,0.28985384456937924,0.07087608021537761,-1.263700045645237,0.03429999947547913,0.05579999834299088,0.04230000078678131,0.09520000219345093,0.2651999890804291,0.333700001239777,0.3483999967575073,0.3425000011920929,0.2049999982118607,0.1270000040531158,0.7834655672158324,0.5154934267677019,0.5689802497099788,0.7238990629326129,0.5649988497162777,0.2591254058368012,-0.5720858944313832,-0.21492063181626228,0.02603500060379504,-1.8418999910354614,401545.24085464614,202134.4843992437,10
6,32.41094833,-6.472865,1073.92,12.01,21.42,0.04095000028610229,0.06350000202655792,0.1017000004649162,0.1234999969601631,0.1429499983787537,0.1605000048875809,0.1509999930858612,0.1745000034570694,0.2482499927282333,0.2179500013589859,0.1950929706531461,0.09824629940883454,0.084761777820163,0.40792537363704506,0.17114096058509987,-0.24358172286591775,-0.5926222717481335,0.29156671608559726,0.05410608625248669,-1.1364999637007713,0.02899999916553497,0.04740000143647194,0.03819999843835831,0.07850000262260437,0.261000007390976,0.329199999570847,0.3300000131130219,0.3468999862670898,0.1762000024318695,0.1062000021338463,0.7925040867127742,0.504146528666675,0.5437132229623794,0.748807631247934,0.6309355665807168,0.3038324884517521,-0.5760286144503292,-0.2521799927455331,0.018712440634248265,-1.7462000548839571,398954.92644050554,202243.7429603434,10
8,32.39708333,-6.421465,1016.43,9.22,23.02,0.04830000177025795,0.0689999982714653,0.1036000028252602,0.1272000074386597,0.1394000053405762,0.1519999951124191,0.1609999984502792,0.1738000065088272,0.2527999877929688,0.2004999965429306,0.21693119853130577,0.1126078907845837,0.10103142806200249,0.40000000473963526,0.1548172649702275,-0.22184628364603098,-0.5711622029515532,0.2600318057625459,0.05068639667854315,-1.1850000098347664,0.02659999951720238,0.0544000007212162,0.03040000051259995,0.08489999920129776,0.3016000092029572,0.384799987077713,0.4040000140666962,0.4027999937534332,0.1639000028371811,0.08739999681711197,0.8600368327700915,0.5997431630857355,0.673444386691418,0.7626527079074734,0.6518351414653563,0.4227857081528644,-0.501603297432239,-0.3781405080055479,0.01432485972629427,-2.0632000714540486,403773.5984994312,200658.14483342413,10
13,32.38977167,-6.53816667,1141.07,11.09,21.32,0.04365000128746033,0.06509999930858612,0.09769999980926514,0.1146000027656555,0.1329499930143356,0.1490499973297119,0.1598999947309494,0.1695999950170517,0.2416500002145767,0.2080499976873398,0.24145961179558356,0.12315204996688249,0.1096054478954736,0.42133332227721004,0.1935256597008219,-0.2035861195593622,-0.5755501242213011,0.25013815572900694,0.050275281985788345,-1.1577999740839005,0.02910000085830688,0.05070000141859055,0.04540000110864639,0.08540000021457672,0.242249995470047,0.295049995183945,0.2962999939918518,0.3085500001907349,0.145249992609024,0.0864500030875206,0.734269814885841,0.4471307966205611,0.46447479351251914,0.7077809657460571,0.5664424398531033,0.3420903762302092,-0.4825210185747075,-0.2611181161835425,0.012556862309512468,-1.60709997266531,392788.3083449576,199961.15512128003,9
14,32.38247333,-6.52784833,1343.88,25.72,40.95,0.06060000136494637,0.0940999984741211,0.1445000022649765,0.1745499968528748,0.1823000013828278,0.1967999935150146,0.2019000053405762,0.2254499942064285,0.3466500043869019,0.3249000012874603,0.16570439275294982,0.10172495727755793,0.08888751667261524,0.36418920646281866,0.1272499959100183,-0.2638774883157155,-0.5730005756106917,0.3033901619988876,0.11262658687160255,-1.5438000410795212,0.06679999828338623,0.09520000219345093,0.1438000053167343,0.1757999956607819,0.191200003027916,0.200800001621246,0.2106000036001205,0.2348999977111816,0.3300999999046326,0.3010999858379364,0.1884875745321171,0.1172752766612274,0.10620706599509346,0.37737082682463663,0.14390066437856808,-0.22100979343243496,-0.5523160028216801,0.26154665409032024,0.09939310529638769,-1.581600040197372,393750.1364431278,199141.5203031674,9
16,32.38646667,-6.549175,1544.06,21.88,27.19,0.05559999868273735,0.08730000257492065,0.1336999982595444,0.1644999980926514,0.1785999983549118,0.1951999962329865,0.2008000016212463,0.2159499973058701,0.2989000082015991,0.2707499861717224,0.20059791684609005,0.12061115045767626,0.10576923599770036,0.39396041999042525,0.1352345898285272,-0.19631779959102583,-0.5479026389805598,0.25573295235320886,0.08092717308731068,-1.4978999942541122,0.03714999929070473,0.05810000002384186,0.07429999858140945,0.09870000183582306,0.2002499997615814,0.253899991512299,0.2517000138759613,0.2516500055789948,0.2065999954938889,0.1572999954223633,0.5441718035933439,0.3221549865963967,0.31257160419122415,0.6249193174336495,0.4365634367620092,0.09840719476675654,-0.5610124572105911,-0.013953521678566456,0.032498178345449005,-1.51380006223917,391748.7992329317,199606.11100312398,9
17,32.37388167,-6.544635,1366.74,12.16,31.85,0.06154999881982803,0.09279999881982803,0.1402000039815903,0.1667499989271164,0.1827500015497208,0.1990000009536743,0.1990000009536743,0.2173500061035156,0.3165999948978424,0.2921000123023987,0.17334904464390194,0.10510008929865257,0.09312195447952218,0.3639479158750229,0.13173654356142822,-0.22808377552809558,-0.5466536369458208,0.2735763563126495,0.09247886240459913,-1.5104000270366669,0.05164999887347221,0.0771000012755394,0.1089000031352043,0.1473000049591064,0.2079000025987625,0.232099995017052,0.2583999931812286,0.2509999871253967,0.2782500088214874,0.2416999936103821,0.4070242067473483,0.258561035421957,0.24517439041169609,0.5403874645627267,0.2603564749354373,-0.036988755295242925,-0.5660616329375177,0.11058522568531981,0.06725302535424228,-1.6822999790310857,392160.5563984076,198206.24084544717,9
18,32.36159667,-6.55020667,1555.76,31.5,74.64,0.0731000006198883,0.1040999963879585,0.1702000051736832,0.1905999928712845,0.1974499970674515,0.2153999954462051,0.2293999940156937,0.2339999973773956,0.3540999889373779,0.3402499854564667,0.1481481201550417,0.09871051950092573,0.08693862621125382,0.3757121464992128,0.10221386104714386,-0.21371036564023843,-0.5456132693376196,0.2682631860499242,0.12048251608607784,-1.7898000031709673,0.06909999996423721,0.0997999981045723,0.1641999930143356,0.1817999929189682,0.1946000009775162,0.20720000565052,0.2259999960660934,0.2310000061988831,0.3443000018596649,0.3328999876976013,0.15838032963306692,0.10413390891342877,0.09126082388081923,0.38735420451867414,0.11918607864793768,-0.20743469404945908,-0.5505516848102459,0.265555003725131,0.11461746638336656,-1.7513999491930003,391621.36412311625,196850.0849787406,9
19,32.35679167,-6.56558833,1366.48,15.26,32.82,0.07270000129938126,0.09600000083446503,0.1500000059604645,0.1651999950408936,0.1812999993562698,0.1891999989748001,0.2036000043153763,0.2044000029563904,0.295199990272522,0.2768999934196472,0.1515837009210354,0.09418931181407374,0.08598838083807284,0.35914553161623247,0.10606062776473343,-0.18364071124175455,-0.509202437262777,0.23409562016851632,0.08174087536394126,-1.576000049710274,0.07360000163316727,0.1014000028371811,0.1526000052690506,0.160400003194809,0.1694000065326691,0.183400005102158,0.2142000049352646,0.2046999931335449,0.2750999927520752,0.2671999931335449,0.16793892525783352,0.10659898293903018,0.0976042570627913,0.3574144453823975,0.12133659343441343,-0.12446349474798464,-0.46135455906628486,0.19552758960137137,0.07350671617439275,-1.6312000453472137,390168.11413107306,196333.46062236984,9
20,32.33829667,-6.579595,929.47,1.14,26.47,0.05310000106692314,0.07514999806880951,0.1158000007271767,0.124949999153614,0.1339499950408936,0.1460500061511993,0.1657000035047531,0.1631499975919724,0.2564499974250793,0.2424499988555908,0.17726466021364176,0.09577735606019397,0.08531373359916737,0.3759601597192717,0.13259284532203233,-0.21497096649406192,-0.54674306777205,0.25962269285807027,0.062176301582226735,-1.2572000250220299,0.0539500005543232,0.07050000131130219,0.1107999980449677,0.1139499992132187,0.1290999948978424,0.140349999070168,0.1623000055551529,0.1597999930381775,0.2352499961853027,0.2256499975919724,0.18857563765182903,0.09992240448266082,0.09051127064494455,0.39432990181216604,0.1674885660466585,-0.1834989061181718,-0.5388389065710164,0.23083760948164758,0.053084161072725074,-1.2245000153779986,388826.9436707564,194297.90961005085,7
21,32.34080333,-6.599865,892.76,20.12,25.57,0.05350000038743019,0.07680000364780426,0.120399996638298,0.131400004029274,0.1397999972105026,0.1518000066280365,0.1632000058889389,0.1736000031232834,0.2732000052928925,0.2608999907970428,0.15091681494471626,0.08192957333959405,0.07208544101157724,0.35999999353294654,0.1383606490689058,-0.25206231973733484,-0.5611428459055353,0.289857435664332,0.0712778788666677,-1.2644000053405762,0.03835000097751617,0.04975000023841858,0.07840000092983246,0.08590000122785568,0.09155000001192093,0.103849999606609,0.1152999997138977,0.1165499985218048,0.1865500062704086,0.1741999983787537,0.19050076649939798,0.07978953167757667,0.07106676972057178,0.39715237259778524,0.15139539234603097,-0.236044409169801,-0.5789251023484616,0.2658862975266555,0.03249701078986167,-0.8690000027418137,386922.3872575383,194597.54897086008,7
27,32.32652167,-6.69255167,2083.98,32.9,67.83,0.09549999982118607,0.1254000067710876,0.1767999976873398,0.1958999931812286,0.2018000036478043,0.2179999947547913,0.2345000058412552,0.2432000041007996,0.3591000139713287,0.3267500102519989,0.14028691349042732,0.09497422571683034,0.09135240872440079,0.303139746995625,0.10772036234259057,-0.209905666713939,-0.4823529343915847,0.23778727525083784,0.1173359332466246,-1.8057000041007996,0.06729999929666519,0.08344999700784683,0.1253000050783157,0.1369500011205673,0.147599995136261,0.160999998450279,0.1808000057935715,0.1798000037670135,0.2838000059127808,0.2725499868392944,0.18131329161295276,0.10327502785025336,0.09717407133219637,0.3684011632366234,0.13528019526431925,-0.22169607684515893,-0.5455412029028456,0.24497870011609407,0.07734968787652008,-1.3636000603437424,378179.68686827715,193118.47236943134,5
28,32.273185,-6.491075,1484.21,24.89,24.22,0.04639999940991402,0.06970000267028809,0.1085999980568886,0.1262000054121017,0.1659000068902969,0.1773999929428101,0.1881999969482422,0.1979999989271164,0.2069000005722046,0.1788000017404556,0.26819406995537004,0.14984939644265627,0.13339589663515997,0.4594803954779044,0.221468205837593,-0.04732979927610569,-0.49602312291229944,0.14706417535187935,0.036993720462410444,-1.3445999696850777,0.0348999984562397,0.05380000174045563,0.05339999869465828,0.1014999970793724,0.2397000044584274,0.285199999809265,0.2962000072002411,0.2967000007629395,0.1773000061511993,0.124499998986721,0.694508019785526,0.428672328426782,0.4480200880981312,0.6925714245004084,0.4902059373457375,0.25110875912411695,-0.534400690865587,-0.17871128293881372,0.02207385058616994,-1.6404000259935856,397082.7553233433,186988.8591917109,8
29,32.26172833,-6.53678167,835.18,9.63,18.68,0.03660000115633011,0.05799999833106995,0.1088000014424324,0.1288000047206879,0.1372999995946884,0.1483000069856644,0.1527999937534332,0.1588999927043915,0.1967999935150146,0.1924999952316284,0.16819569170810322,0.08665964926841623,0.07184376019042747,0.44971536305677623,0.10462282985219416,-0.1258581271112488,-0.5447409697055553,0.23474747917491526,0.03788399781322481,-1.1919999793171883,0.03620000183582306,0.05579999834299088,0.08569999784231186,0.1076999977231026,0.1462000012397766,0.157700002193451,0.1669999957084656,0.1671999990940094,0.1579000055789948,0.1423999965190887,0.32172536454019335,0.16201673687274162,0.14417961207055818,0.49910233319256886,0.21644234937568646,0.02800858745891739,-0.47777260123731413,0.09042078267521783,0.022484960244812946,-1.1518999710679054,392763.94816625316,185764.70380210492,8
30,32.25919,-6.568015,1229.94,19.51,32.97,0.07180000096559525,0.09939999878406525,0.1516000032424927,0.1689999997615814,0.1764000058174133,0.1879999935626984,0.1969999969005585,0.2012999951839447,0.2910000085830688,0.2775999903678894,0.13023520800114827,0.08024981201463453,0.07238057744118388,0.3292847476659787,0.087226561641969,-0.19262297220003016,-0.49077870310602545,0.24430701623186218,0.08078159957971563,-1.5442000031471255,0.06870000064373016,0.09619999676942825,0.1472000032663345,0.1588999927043915,0.1704999953508377,0.179700002074242,0.1879999935626984,0.1914000064134598,0.2782000005245209,0.2608999907970428,0.12171834892783537,0.07327584491966131,0.06555478980343804,0.32301196197430304,0.09277765828756587,-0.19347921045118707,-0.48611112335583045,0.2473244536467132,0.0725823775765848,-1.483599990606308,389818.65864136285,185515.7913129658,8
31,32.28278167,-6.58785667,1097.45,9.56,16.93,0.05629999935626984,0.0763000026345253,0.1140000000596046,0.1309999972581863,0.1483999937772751,0.1601999998092651,0.1625999957323074,0.1806000024080276,0.2224999964237213,0.1999000012874603,0.17570497554728784,0.09387071066710072,0.08530205995960072,0.3612389842047167,0.15917845007636194,-0.15554401910140925,-0.4892904744333885,0.21173929234347974,0.0444777495715618,-1.2303999736905096,0.05380000174045563,0.07150000333786011,0.1071999967098236,0.1216000020503998,0.1393000036478043,0.155100002884865,0.1534000039100647,0.1668000072240829,0.2052000015974045,0.1826999932527542,0.17728321915986986,0.09111229390465714,0.08290863570122019,0.36416183890006726,0.15672678073299756,-0.14445063231269317,-0.4831947791530738,0.2024634173459297,0.03749003890731096,-1.1599999964237213,387979.3221407026,188152.2953955728,7
32,32.29627167,-6.60258333,1132.73,20.89,25.9,0.05310000106692314,0.07845000177621841,0.129600003361702,0.1540499925613403,0.1694499999284744,0.1821500062942505,0.1798000037670135,0.1927500069141388,0.2538500130176544,0.2410500049591064,0.16224951223798115,0.09303187539506978,0.08049257591033912,0.39244917491929954,0.11159173673511806,-0.17075984368438557,-0.5278363012484398,0.2442605761654709,0.06119054689677482,-1.3901000320911407,0.05000000074505806,0.07109999656677246,0.1136000007390976,0.1430000066757202,0.1537999957799911,0.162499994039536,0.1578000038862228,0.1759999990463257,0.239099994301796,0.2170999944210052,0.1628592565622318,0.08594763329420856,0.07545753049822261,0.3787680505421676,0.10344824976558507,-0.20483746682261866,-0.5415860803961756,0.2585191618837515,0.05190860742898228,-1.2148000299930573,386609.6602486659,189663.69420106272,7
33,32.29954,-6.62236667,1275.78,11.26,34.25,0.096950002014637,0.1152999997138977,0.1433999985456467,0.1621499955654144,0.1692499965429306,0.1814000010490417,0.1915999948978424,0.2026000022888184,0.3415000140666962,0.3265500068664551,0.1438805885124471,0.0865868204742527,0.09095197170484945,0.24861517196133165,0.11089789403829241,-0.28118554936591555,-0.49518390331367407,0.2538625806813692,0.11151683193837415,-1.44439996778965,0.09529999643564224,0.1116999983787537,0.1412000060081482,0.1564500033855438,0.1662999987602234,0.179299995303154,0.1886000037193298,0.1985999941825867,0.3228999972343445,0.3100500106811523,0.1437234571540066,0.08568329203819001,0.08970136506016603,0.2560772712195382,0.11871564840734605,-0.2625610811379391,-0.4859641060780107,0.24090909362049648,0.10011514759145256,-1.4256000518798828,384751.0773757971,190047.66747827292,7
34,32.29688667,-6.68024333,1087.86,12.09,28.38,0.05420000106096268,0.08214999735355377,0.1326999962329865,0.1445499956607819,0.1568499952554703,0.1722500026226044,0.179299995303154,0.1841499954462051,0.2717500030994415,0.2563000023365021,0.14935897495180092,0.08608374302198515,0.07425111554698978,0.37158156552553323,0.12047459913699665,-0.20496620755733339,-0.5357445746466611,0.26796771510859896,0.0696495264293313,-1.3956999629735949,0.04760000109672546,0.06719999760389328,0.1147999987006187,0.1247999966144562,0.1333999931812286,0.147900000214577,0.1598999947309494,0.1596499979496002,0.2379499971866608,0.2266499996185303,0.16417909335475353,0.08732411852210993,0.07558489755653827,0.40819022390008003,0.1225171449415473,-0.19617947428712051,-0.5595608780541005,0.25925926273685,0.053931366771585956,-1.239099971950054,379297.945709727,189818.8667847669,5
35,32.3178633,-6.69446833,1470.44,15.1,52.0,0.08030000329017639,0.1106000021100044,0.1534000039100647,0.1660999953746796,0.1771000027656555,0.1873999983072281,0.2137999981641769,0.2124000042676926,0.3294999897480011,0.3025999963283539,0.16448800040423844,0.1044741595531177,0.09856717643270584,0.3181257572405136,0.1223249902627076,-0.21295783903011742,-0.49738693749223234,0.24298583416774716,0.09970669568793777,-1.6148000061511993,0.06620000302791595,0.09264999628067017,0.124499998986721,0.1445000022649765,0.1756999939680099,0.191949993371964,0.2245000004768372,0.2085999995470047,0.2754000127315521,0.257099986076355,0.2865329551784857,0.17667844797403065,0.16949153120269136,0.4157338960379859,0.18153496678435366,-0.10182038569316108,-0.4965358279566767,0.15812337916055633,0.07080533943871004,-1.5597000047564507,377987.3677137171,192160.84858868518,5
36,32.33753,-6.668915,1025.82,12.47,22.75,0.04859999939799309,0.07204999774694443,0.1164999976754189,0.1324000060558319,0.1406500041484833,0.1556999981403351,0.1645999997854233,0.1703000068664551,0.2496500015258789,0.222900003194809,0.17111349118952357,0.09236973934137493,0.0802147995789768,0.39108389018570133,0.12520647197708212,-0.20531080571133442,-0.5520671545797876,0.26400276202695877,0.05564698613770248,-1.261399991810322,0.04160000011324883,0.06100000068545341,0.09799999743700027,0.1119000017642975,0.125900000333786,0.137700006365776,0.1509999930858612,0.1527000069618225,0.2041999995708466,0.1961999982595444,0.2128513953945048,0.1061415146584903,0.09285213123398055,0.42452827651005937,0.15419502531294665,-0.14977479570678687,-0.5399698273266557,0.22150364946731604,0.04006403956039907,-1.1229999512434006,380419.4119024819,194311.54255704168,5
37,32.32432167,-6.56375667,2795.26,60.97,74.71,0.05209999904036522,0.07810000330209732,0.1033999994397163,0.1371999979019165,0.2039999961853027,0.2361000031232834,0.2680000066757202,0.2563999891281128,0.2416999936103821,0.2070000022649765,0.44318794852592414,0.28333716906274437,0.2747638067651927,0.5486853433985995,0.30284551537410626,0.05159900529522564,-0.5115697041156881,0.03758266287252018,0.0500318992247939,-1.700800023972988,0.04450000077486038,0.07419999688863754,0.08879999816417694,0.1370999962091446,0.1978999972343445,0.221000000834465,0.2632000148296356,0.2398999929428101,0.2177000045776367,0.1926999986171722,0.49545457310272795,0.30704227817903545,0.2981706563576821,0.5601660071625778,0.27267904355178,0.09461428222328863,-0.491606736815903,-0.001953781870537078,0.04195079058106897,-1.6116000711917877,390300.32479095215,192731.8936587096,7
38,32.32597833,-6.637005,963.92,7.38,24.53,0.05869999900460243,0.08429999649524689,0.1254000067710876,0.1378999948501587,0.1465999931097031,0.1580999940633774,0.1709000021219254,0.1771000027656555,0.2843500077724457,0.2690500020980835,0.15356055967486062,0.08570889396464451,0.07670003339448045,0.33934171534713137,0.12444447011984464,-0.24920374066030146,-0.5426556582630018,0.2817705618516821,0.07650437018776657,-1.3129000514745712,0.05294999852776527,0.0729999989271164,0.1098000034689903,0.122299998998642,0.1265999972820282,0.140550002455711,0.1546999961137772,0.1579499989748001,0.2428500056266785,0.2400500029325485,0.16975422512612343,0.08809678090770069,0.07925159607825706,0.3588054396451898,0.1272078505146988,-0.22173313773173553,-0.5377552753299971,0.2587899575730567,0.05829614456285359,-1.1765000000596046,383407.5093717817,192994.86571694107,7
39,32.329695,-6.61941667,988.83,9.18,20.76,0.05750000104308128,0.0771000012755394,0.1150000020861626,0.1337999999523163,0.1361999958753586,0.151199996471405,0.1571999937295914,0.165800005197525,0.2439000010490417,0.2340999990701675,0.15503303503707613,0.0819735661851085,0.07450826598823225,0.3418693718300274,0.1068090940866145,-0.2161555926998812,-0.5196261621369563,0.2513947151971506,0.057096990018794515,-1.206799976527691,0.05490000173449516,0.07249999791383743,0.1077999994158745,0.1239999979734421,0.1330000013113022,0.14274999499321,0.1499000042676926,0.1577499955892563,0.2339500039815903,0.2195000052452087,0.16336827352220343,0.08334434072947432,0.07599553273415602,0.3480216063247031,0.11978703910251089,-0.2189657358046676,-0.5268396297677493,0.25057175883161253,0.05135202710107567,-1.1435000225901606,385067.90821016673,193387.4099440552,7
40,32.294965,-6.58745167,600.0,3.01,14.0,0.04259999841451645,0.0617000013589859,0.09440000355243683,0.1058000028133392,0.1151999980211258,0.1224000006914139,0.1288000047206879,0.1317999958992004,0.2026000022888184,0.2017000019550323,0.15412186263019628,0.071349559129,0.06251362982460458,0.35223097568515266,0.10942758046008964,-0.22269159862546992,-0.5331063127206155,0.2681468830719349,0.040864420857744214,-0.9926000386476519,0.04120000079274178,0.05700000002980232,0.0869000032544136,0.09830000251531601,0.1058000028133392,0.11429999768734,0.1234000027179718,0.1248999983072281,0.1933999955654144,0.2010000050067902,0.1735615703919165,0.07708010521608503,0.06831112258234767,0.3680709606913673,0.1191756074135721,-0.22095957388189794,-0.5447284240826449,0.2600584276084042,0.038873400076961495,-0.9375000298023224,388032.83304301614,189502.51861048664,7
41,32.333035,-6.5871167,1995.81,24.2,59.84,0.07699999958276749,0.1132000014185905,0.1779000014066696,0.1923000067472458,0.2036000043153763,0.2168000042438507,0.2442000061273575,0.2349999994039536,0.3267000019550323,0.3107500076293945,0.1570717919455887,0.10785164978687195,0.09558272885659921,0.36653609842296736,0.099929772857688,-0.14450866091292836,-0.485337573116068,0.22208766700744534,0.10152202810004947,-1.8841000348329544,0.05880000069737434,0.07940000295639038,0.1291999965906143,0.1483999937772751,0.1556999981403351,0.166800007224083,0.1793999969959259,0.1827999949455261,0.2592000067234039,0.2545999884605408,0.16267012730369346,0.09312391937325493,0.08291490710370336,0.3863987390709494,0.10386474104978735,-0.18194256468041725,-0.5310100357233772,0.23970635994183037,0.06599231872075073,-1.3841999620199203,388112.3874881022,193722.62676824754,7
42,32.32781833,-6.556165,1075.76,11.86,22.1,0.05460000038146973,0.07460000365972519,0.1301999986171722,0.1500999927520752,0.1570000052452087,0.1729000061750412,0.1870000064373016,0.1868000030517578,0.2612999975681305,0.2339999973773956,0.17906685604027048,0.10425845717477049,0.09110157181008892,0.4296636009540822,0.1089344335050616,-0.16573720789926955,-0.5558201627571246,0.23677142381690267,0.06114419874565601,-1.4368000179529188,0.04729999974370003,0.07970000058412552,0.1004000008106232,0.1380999982357025,0.2269999980926514,0.2466000020504,0.2655999958515167,0.2621999979019165,0.2275000065565109,0.1787000000476837,0.45136610955225226,0.2861431795801919,0.272922509091293,0.5383724200636278,0.31001748826780456,0.0772662523457317,-0.4811197983586068,0.02340825792628841,0.040654251182496534,-1.6705999821424484,391019.2399244695,193111.59285705525,7
43,32.313095,-6.55682833,1173.91,11.86,23.42,0.04780000075697899,0.06925000250339508,0.1155999973416328,0.1339000016450882,0.1578499972820282,0.1711499989032745,0.1677999943494797,0.1877499967813492,0.2302500009536743,0.216049998998642,0.1841919490264119,0.0999489358466107,0.08683212115791442,0.4157350463561267,0.16741798611001307,-0.1568898560085221,-0.537562591166362,0.23198860893681536,0.04974551247547865,-1.2784999534487724,0.04800000041723251,0.06800000369548798,0.1085999980568886,0.1215000003576279,0.1471000015735626,0.163900002837181,0.1648000031709671,0.1728000044822693,0.2123000025749207,0.2000000029802322,0.20555963663541074,0.10899923395045569,0.09647075934213939,0.41580754383396806,0.1743119371616636,-0.12596127964527432,-0.5148055481148269,0.2025482405589396,0.04246000114768745,-1.2309999987483025,390938.7068473331,191480.04223830975,7
44,32.30157333,-6.5539,1098.63,19.4,24.86,0.04960000142455101,0.0729999989271164,0.1272000074386597,0.1453000009059906,0.157600000500679,0.1674000024795532,0.1721999943256378,0.1808000057935715,0.2404000014066696,0.2334000021219254,0.1503005560170429,0.08443830395483219,0.07195852960402224,0.404567690553309,0.10886232459180825,-0.16529328071051727,-0.534141677623237,0.24737022685947727,0.056109360838427554,-1.3510000109672546,0.04639999940991402,0.06780000030994415,0.1212000027298927,0.1353999972343445,0.1446000039577484,0.158199995756149,0.1685999929904938,0.1701000034809113,0.2257000058889389,0.2152999937534332,0.16356104484823364,0.09002277257047901,0.07656026269241248,0.42639591840448243,0.11358430786167152,-0.14481362646691578,-0.5379897843477656,0.23473930547148775,0.04859320985803838,-1.3133999779820442,391200.2676944936,190199.6836966304,7
45,32.29392833,-6.56303833,1130.45,15.95,23.75,0.0458500012755394,0.06629999727010727,0.1115999966859818,0.1299500018358231,0.1464000046253204,0.1575500071048737,0.1588999927043915,0.1690499931573868,0.2103500068187714,0.2019000053405762,0.1748613593299892,0.09208305646279222,0.07964973846786529,0.41119004949147664,0.13076920349675072,-0.13933653091803433,-0.5206940426492511,0.2225175809037531,0.042469667500100186,-1.219899952411652,0.04320000112056732,0.05880000069737434,0.1040000021457672,0.1185000017285347,0.1358000040054321,0.153500005602837,0.159400001168251,0.1642999947071075,0.2018000036478043,0.1891999989748001,0.21032649246443239,0.10885511943015176,0.09490201248533309,0.46104490902701506,0.16195188611695677,-0.11738649445411664,-0.5487336915477756,0.20298977510055247,0.03818056048327923,-1.1994000151753423,390330.3899457186,189361.70164460607,7
46,32.28679167,-6.56068,645.4,9.11,21.93,0.04145000129938126,0.06179999932646751,0.1112999990582466,0.125900000333786,0.1379999965429306,0.1469500064849854,0.1533000022172928,0.1567499935626984,0.1987500041723251,0.1959999948740005,0.1587301693040418,0.08239603012486259,0.0695260698332175,0.4253835509472408,0.10914556442928877,-0.1291009828178536,-0.5256188926547963,0.22840728594368115,0.0389549997989833,-1.199400007724762,0.02740000002086163,0.04969999939203262,0.03454999998211861,0.08219999819993973,0.2893500030040741,0.36039999127388,0.3691999912261963,0.3669500052928925,0.1606999933719635,0.0888499990105629,0.828854483473067,0.5554356755179332,0.6102297473560748,0.7627118601743611,0.6339752961028791,0.3934704727702051,-0.5275665269478982,-0.34020444841012426,0.014278194252096421,-1.9193499572575092,390543.6605860125,188568.0490219719,8
47,32.27520167,-6.53875833,1000.03,7.48,17.34,0.04749999940395355,0.06395000219345093,0.1058999970555305,0.1162500008940697,0.1337500065565109,0.1458500027656555,0.1571000069379807,0.1584500074386597,0.1816499978303909,0.1706999987363815,0.19467683996322896,0.10065532689607748,0.08912099235083597,0.42139787593379785,0.15362215184155814,-0.07247229660328577,-0.4792345079245914,0.1685461509062088,0.03100765440011143,-1.1871000155806541,0.03880000114440918,0.06080000102519989,0.06300000101327896,0.1059999987483025,0.2389000058174133,0.271899998188019,0.2626000046730042,0.2788000106811523,0.1490000039339066,0.1022000014781952,0.6130221116734822,0.3626453529887158,0.36973918816473295,0.6239950509219483,0.4490644679037219,0.27599610808461517,-0.4204003832387801,-0.17413322715547377,0.015227800622296346,-1.506400026381016,392594.049168117,187260.41555774887,8
48,32.24419167,-6.53956333,1524.73,20.44,25.35,0.05420000106096268,0.08179999887943268,0.124600000679493,0.1415999978780746,0.1574999988079071,0.1745000034570694,0.1870000064373016,0.1905999928712845,0.2303999960422516,0.2193000018596649,0.2002567526712634,0.11532775728924217,0.10208756896373243,0.3913690665390421,0.14750149370918655,-0.1039769747080895,-0.4759769349904008,0.19087552537254004,0.050526719560532556,-1.3944000378251076,0.03754999861121178,0.06120000034570694,0.0812000036239624,0.1024999991059303,0.1979999989271164,0.227449998259544,0.222800001502037,0.2379000037908554,0.1790499985218048,0.1404000073671341,0.46578945731792315,0.26417909883449003,0.2478340676311646,0.5690140828729705,0.397767341759433,0.10887147659267142,-0.49053068986925047,-0.00019208214916549912,0.025138621111546744,-1.3976000249385832,392480.6879329651,183823.40787121293,8
49,32.24597,-6.521865,1642.68,30.09,45.97,0.06129999831318855,0.08820000290870667,0.1652999967336655,0.1973000019788742,0.2091500014066696,0.2234500050544739,0.2217999994754791,0.2327499985694885,0.2472500056028366,0.2530499994754791,0.145957125159284,0.0955360212770642,0.08053710833666639,0.4309677261557986,0.0824322670921503,-0.05425862018453573,-0.4741392105659094,0.18608496275204087,0.06256661378811001,-1.7590999752283096,0.0544000007212162,0.08174999803304672,0.1570000052452087,0.1815000027418137,0.195700004696846,0.209450006484985,0.212799996137619,0.2184499949216843,0.2291000038385391,0.2348999977111816,0.15089234865565118,0.09622900230575682,0.079860301956805,0.4449159743786122,0.09238652907449778,-0.03688619068774236,-0.47402285489559287,0.18199909836425643,0.05381559037730453,-1.6855000108480451,394150.301030798,184002.48981509393,8
50,32.24385833,-6.552335,1029.42,21.31,31.02,0.06769999861717224,0.09470000118017197,0.1301999986171722,0.1517000049352646,0.1697999984025955,0.1875,0.1876000016927719,0.2034000009298325,0.2640999853610992,0.2558999955654144,0.1806167490214029,0.10528247075173375,0.09821704070292894,0.32908253360992473,0.14559277666871123,-0.1693601631426292,-0.4721292922604739,0.21397781221724552,0.06758318508273128,-1.3995999991893768,0.02899999916553497,0.05099999904632568,0.03999999910593033,0.09030000120401382,0.2572000026702881,0.320499986410141,0.3736000061035156,0.3362999856472015,0.1968999952077866,0.1262000054121017,0.8065764071305432,0.5477233008352047,0.5973784208249816,0.759773910467972,0.5766525819240874,0.309728326345054,-0.5885437634313172,-0.25910869555016974,0.024848780460865465,-1.9660000279545784,391276.96611293964,183799.66740425077,8
51,32.24092833,-6.568115,2537.23,39.3,60.81,0.07519999891519547,0.1124000027775764,0.1846999973058701,0.2078000009059906,0.2178999930620193,0.2260999977588654,0.2406000047922134,0.2354000061750412,0.319599986076355,0.3165000081062317,0.1314366496100202,0.09061927054943063,0.0783001002741366,0.3631728014230096,0.06227437898422689,-0.14102103254345671,-0.47962960223410517,0.2298499968447918,0.10115339818391789,-1.9017000049352646,0.08164999634027481,0.1189000010490417,0.1964000016450882,0.21875,0.2277999967336655,0.24379999935627,0.2590999901294708,0.252700001001358,0.3366999924182892,0.333950012922287,0.13765090994285653,0.09843012405672959,0.08588451139160537,0.3708994496862818,0.07201188006625607,-0.13024505611218745,-0.47805090872288186,0.2201178825410787,0.1124409668190216,-2.0396999567747116,389786.5758447567,183491.3718105259,8
52,32.24533667,-6.57375167,1324.06,21.06,29.26,0.06719999760389328,0.09589999914169312,0.1412000060081482,0.1587000042200089,0.1785999983549118,0.1932000070810318,0.1985999941825867,0.2067999988794327,0.2743000090122223,0.2648999989032745,0.16892286042759316,0.10252438942855772,0.09307300943686946,0.348726645229774,0.13160053110789358,-0.1600761559698598,-0.4819016895171309,0.21972702409880307,0.07266207208650587,-1.507200002670288,0.02830000035464764,0.05099999904632568,0.03929999843239784,0.08290000259876251,0.2646999955177307,0.34060001373291,0.3427999913692474,0.3429000079631805,0.1517000049352646,0.08630000054836273,0.7942946878907455,0.5160979420344906,0.5553115920774152,0.7409852683693641,0.6106153083713447,0.38645093523894164,-0.4967933074204154,-0.3204056032885954,0.013091710509099963,-1.8084999509155748,389260.98238189117,183986.04877374385,8
53,32.2546,-6.575145,1113.27,11.69,25.32,0.05420000106096268,0.08079999685287476,0.1273999959230423,0.1410000026226044,0.1472000032663345,0.1633999943733215,0.1731999963521957,0.1729999929666519,0.2299000024795532,0.1976999938488007,0.1523619476172696,0.08581064365050826,0.07478283833195677,0.36377953388739254,0.10191079838101626,-0.1406599011436955,-0.47988415020003705,0.2221652158318212,0.04545122907604693,-1.3413999676704407,0.0414000004529953,0.06199999898672104,0.07460000365972519,0.1118000000715256,0.2085999995470047,0.224399998784065,0.25,0.2442999929189682,0.1750999987125397,0.1427000015974045,0.5403573438766422,0.31906378043018,0.3161271609711533,0.6025641058374371,0.3720864787517512,0.17619383989204665,-0.4770139196385044,-0.07706523338742532,0.024986770095984944,-1.4990000203251839,389141.2734655158,185014.47659455822,8
54,32.25632,-6.59766,919.96,8.89,15.19,0.04910000041127205,0.06435000151395798,0.09700000286102295,0.1147999987006187,0.1410000026226044,0.157600000500679,0.1445000022649765,0.1708000004291534,0.2071000039577484,0.1762000024318695,0.19668736314305124,0.09608900689599209,0.08742867445663507,0.3837682495428068,0.1960784373357464,-0.178043232101293,-0.5258795322912231,0.22202130161222589,0.036491021200995455,-1.0788000226020813,0.03220000118017197,0.04679999873042107,0.06780000030994415,0.08789999783039093,0.1516000032424927,0.176599994301796,0.1322000026702881,0.189300000667572,0.161300003528595,0.119499996304512,0.32200000539354573,0.1380000044703484,0.12408478338117304,0.477094987678775,0.3658008766985088,-0.09914821173611753,-0.5502162566314768,0.16442185148517846,0.019275349825584875,-0.9064000174403193,387022.41502647166,185229.27329697818,6
55,32.26731167,-6.62849667,1365.71,13.49,32.74,0.08389999717473984,0.1172000020742416,0.1627999991178513,0.1703999936580658,0.188400000333786,0.2002999931573868,0.2257999926805496,0.2122000008821487,0.2694999873638153,0.2486000061035156,0.16212041876022784,0.10634705291049214,0.1001048609960501,0.31661805233357937,0.10925250316603664,-0.08822934858814667,-0.3938453298564788,0.16522911101209134,0.06699769850354186,-1.7085999548435211,0.08100000023841858,0.1107999980449677,0.1562000066041946,0.145799994468689,0.2075999975204468,0.233199998736382,0.2425999939441681,0.24269999563694,0.2325000017881393,0.2020999938249588,0.2166499172630913,0.14419223512560145,0.1373783400011993,0.37294849607779185,0.24942085813820505,0.021258666018723612,-0.3545004469788371,0.09139409502038548,0.04698824892568586,-1.7724000066518784,384131.8278263635,186481.59102681588,6
56,32.28724833,-6.68237667,1295.71,25.27,44.84,0.07810000330209732,0.1111999973654747,0.1708000004291534,0.1799000054597855,0.1886000037193298,0.1992000043392181,0.2331999987363815,0.2171999961137772,0.2946000099182129,0.2782999873161316,0.1544554412912385,0.10353982029562228,0.09328748569656146,0.35423926363978836,0.0939309756037634,-0.11633196297592549,-0.45194679351639266,0.1984035092739652,0.08198717902357089,-1.797600001096725,0.07845000177621841,0.1111999973654747,0.1724999994039536,0.1757500022649765,0.1860499978065491,0.200699999928474,0.2300000041723251,0.2158000022172928,0.2944000065326691,0.2854500114917755,0.14285715307979466,0.0955678745825816,0.08573772490091223,0.34818290129903834,0.10228578570184674,-0.12280701930375396,-0.45167654574659205,0.20435931818517494,0.08403648524792919,-1.790100023150444,379083.93943966716,188752.82840689144,5
57,32.29880156,-6.724309916,1499.06,29.48,48.26,0.06669999659061432,0.1024999991059303,0.1719000041484833,0.1923500001430511,0.2016499936580658,0.2147500067949295,0.2284999936819077,0.2300000041723251,0.3257000148296356,0.3161500096321106,0.1413586156312655,0.09429140882353632,0.0804137017496905,0.38066464332546174,0.08914408323769309,-0.1753879817385737,-0.5212517700572515,0.2552977120189603,0.10297006282556787,-1.7969999909400944,0.05710000172257423,0.08635000139474869,0.1490000039339066,0.1625500023365021,0.1733999997377396,0.183200001716614,0.2031999975442886,0.2001499980688095,0.2843999862670898,0.2851000130176544,0.15388981609600508,0.09540012939985096,0.08118876141160589,0.4035572307861918,0.10366693020850032,-0.16652992463527727,-0.5341874333891962,0.24953148812556272,0.08108243978696804,-1.5883000046014786,375151.339895528,190082.93238377094,5
61,32.30633819,-6.775313248,1857.42,59.47,73.63,0.06870000064373016,0.1059999987483025,0.1817999929189682,0.2055999934673309,0.214599996805191,0.2293000072240829,0.2433999925851822,0.2556999921798706,0.35589998960495,0.3343999981880188,0.14487300475399406,0.09987029933746847,0.08466423145172897,0.39324555481311596,0.1086061135112405,-0.18771900579893125,-0.541026188821859,0.2654742238956579,0.11901295587901119,-1.913999930024147,0.06584999710321426,0.1002999991178513,0.1721999943256378,0.1962999999523163,0.2048500031232834,0.219449996948242,0.2339999973773956,0.2363000065088272,0.3307999968528748,0.3158499896526337,0.15214181231396243,0.10229530503903933,0.08712447460633867,0.3999401712871543,0.09246418369538223,-0.17138810250168932,-0.5346787273363762,0.25303605913137667,0.10448317558307178,-1.8303999602794643,370360.0208682225,190980.5511699475,3
70,32.26665986,-6.885983248,1857.57,55.25,52.09,0.06185000017285347,0.1035000011324883,0.183899998664856,0.2120999991893768,0.221900001168251,0.2365500032901764,0.2442999929189682,0.2533000111579895,0.3456000089645386,0.337550014257431,0.14105557052826972,0.09760826567836307,0.08015605852396147,0.4048303444215079,0.08852602269891596,-0.17172404738159505,-0.53907816043172,0.2672769868695403,0.11665728795334827,-1.9339999556541447,0.06310000270605087,0.09839999675750732,0.1775999963283539,0.1976000070571899,0.2109500020742416,0.219200000166893,0.2354000061750412,0.2353000044822693,0.3116999864578247,0.305649995803833,0.13995159650455583,0.09496168075827419,0.07905896729570075,0.4104254278116116,0.08708707861643451,-0.13946258667658656,-0.5201170395274132,0.2421934192447643,0.09527109955288893,-1.8682000190019608,359877.9998996074,186724.77880330305,2
71,32.2623732,-6.910013253,1608.03,35.43,36.0,0.0649000033736229,0.09965000301599503,0.1684000045061111,0.1923999935388565,0.2001499980688095,0.2195000052452087,0.2248000055551529,0.2366999983787537,0.3219499886035919,0.3039500117301941,0.14343845234595934,0.0947156298931972,0.08064285626397466,0.3857296928564707,0.1032393511327861,-0.17768629887272747,-0.5272770148935462,0.25722707954534735,0.09785670281259762,-1.76670004427433,0.0604499988257885,0.09605000168085098,0.1553999930620193,0.1624999940395355,0.1859499961137772,0.200399994850159,0.220100000500679,0.211899995803833,0.2726500034332275,0.2483499944210052,0.17230361751138867,0.11085095587843587,0.09519606954958883,0.39237702853540635,0.13194445238371857,-0.10664637728333891,-0.47898019751519927,0.208156926094216,0.0677126268315291,-1.6853999644517894,357607.7489011887,186282.06439066358,2
72,32.2541782,-6.906188251,2893.5,149.93,112.42,0.0807500034570694,0.1280999928712845,0.2257999926805496,0.2510499954223633,0.2643499970436096,0.2773000001907349,0.2883999943733215,0.2933500111103058,0.3803499937057495,0.3657500147819519,0.12174251876142302,0.09258529258309894,0.07680699362166357,0.3848739640489365,0.07770024816798723,-0.13749532834991365,-0.4961156593523316,0.24300214513307114,0.1391130158201932,-2.3147999495267864,0.05160000175237656,0.08340000361204147,0.1456999927759171,0.1713500022888184,0.1819500029087067,0.190850004553795,0.1965000033378601,0.2048500031232834,0.2825500071048737,0.2752499878406525,0.14845123024665785,0.09047734053019425,0.07542913251403174,0.4040728707162525,0.08904837922242884,-0.17962634737834698,-0.5442000194466096,0.2663561664820495,0.07777188601999277,-1.544199973344803,357954.9278577181,185368.3823359292,2
73,32.25023486,-6.894553248,1030.11,10.92,22.86,0.05090000107884407,0.07769999653100967,0.1365000009536743,0.1580000072717667,0.164450004696846,0.1754499971866608,0.181099995970726,0.1889999955892563,0.2520999908447266,0.2368499934673309,0.1404281968152533,0.08182484439486062,0.06889732627890932,0.39953632935088484,0.08933714113128773,-0.1638965763411962,-0.5288053379644925,0.2523364442645145,0.05970988118468768,-1.4325999915599823,0.04859999939799309,0.07599999755620956,0.1325999945402145,0.1481000036001205,0.1581999957561493,0.167600005865097,0.1814000010490417,0.1826000064611435,0.2437999993562698,0.2328000068664551,0.15541403515574725,0.08992630240771825,0.07565892609586583,0.40947942367705364,0.10432416603285716,-0.14675446401926712,-0.5247029483908332,0.24142479316233423,0.05675664152418136,-1.4179999828338619,359044.7158936608,184915.47411215978,2
74,32.2437832,-6.913399919,2754.11,51.15,77.06,0.07090000063180923,0.1107999980449677,0.1881999969482422,0.2094999998807907,0.2202000021934509,0.2381999939680099,0.2526000142097473,0.2567999958992004,0.3680000007152557,0.3508000075817108,0.1460980387596341,0.10267859773232459,0.08702469875030741,0.3902036626107354,0.10143683539574777,-0.1859490550181584,-0.5371762798644325,0.26452197254695664,0.12909440304098127,-1.9824000597000122,0.06939999759197235,0.1079000011086464,0.1844999939203262,0.2021999955177307,0.2126500010490417,0.226300001144409,0.246299996972084,0.2449000030755997,0.3461999893188477,0.3278999924659729,0.14345404878092935,0.09959175492552377,0.084297255258191,0.39073968442301726,0.09550437843146435,-0.16860758563647096,-0.5247742627369121,0.2540170062139149,0.11351897388937006,-1.9381999522447582,357258.856913642,184225.8503579485,2
75,32.24485154,-6.949998252,1643.25,33.61,75.02,0.06480000168085098,0.1058000028133392,0.1844000071287155,0.2078000009059906,0.217399999499321,0.2328999936580658,0.2355999946594238,0.2520999908447266,0.3562000095844269,0.3422999978065491,0.12190473140671652,0.08347824037694755,0.06896549952299526,0.38019915766472995,0.096325267747391,-0.20378508593508704,-0.5419913409299013,0.2856123856825655,0.12192726249944208,-1.8884000033140178,0.06094999983906746,0.1011999994516373,0.1727000027894974,0.1945499926805496,0.2079499959945679,0.216900005936623,0.2321999967098236,0.2329999953508377,0.3275499939918518,0.3116999864578247,0.14694984896752547,0.09862967281453322,0.08212446127583052,0.39292141083835963,0.08993101077466152,-0.1703439011980298,-0.5279300232621887,0.26102848715960036,0.10209732869152077,-1.8220999985933304,353812.56389495963,184394.8957181975,1
79,32.25592487,-6.958618248,1829.85,29.47,53.52,0.07145000249147415,0.1088000014424324,0.181099995970726,0.2081000059843063,0.2159499973058701,0.2309000045061111,0.2387000024318695,0.2533999979496002,0.3566499948501587,0.3355999886989594,0.13720820996453617,0.09393347449637421,0.08047278841323885,0.3738129472442012,0.09815816138892895,-0.1981187415111306,-0.5324954234598971,0.26842786504479405,0.11969173424119718,-1.8813999891281128,0.05364999920129776,0.08704999834299088,0.1491000056266785,0.1694000065326691,0.1773999929428101,0.191650003194809,0.2048999965190887,0.2080499976873398,0.298550009727478,0.286300003528595,0.15762709151568377,0.09800935143830215,0.08219781940031388,0.40366501060603355,0.10239764371480753,-0.18601650980317466,-0.5484958672442231,0.2677711928639978,0.08547486883843904,-1.5959000140428543,353018.79288134514,185634.54336780403,1
80,32.2602782,-6.947141586,1716.8,29.21,38.95,0.05934999883174896,0.09584999829530716,0.1679999977350235,0.1874500066041946,0.1964000016450882,0.2113499939441681,0.2258999943733215,0.2293000072240829,0.3253999948501587,0.3077499866485596,0.1469916162765004,0.09715851406666123,0.08092129666489595,0.4041957999599939,0.10041991393121519,-0.18048249998426977,-0.544925815418726,0.26732165017833837,0.1001418440705777,-1.7777999639511108,0.05640000104904175,0.09239999949932098,0.1612000018358231,0.1728000044822693,0.1868499964475632,0.201949998736382,0.2190999984741211,0.2135999947786331,0.2989499866962433,0.2798500061035156,0.152248215721434,0.09865954211844606,0.08209039384259982,0.40674157108296594,0.10559003692757532,-0.15413568256686136,-0.5277884092371408,0.251002503576522,0.0836611556015896,-1.7167000025510788,354107.0518499408,186101.05012079026,1
85,32.2738082,-6.942203251,1633.64,28.26,48.75,0.06599999964237213,0.1062999963760376,0.1789000034332275,0.2035499960184097,0.2117000073194504,0.2285999953746796,0.2263000011444092,0.2425500005483627,0.3384000062942505,0.3156499862670898,0.11697926223769463,0.07854617345030568,0.06566187880207142,0.3607937621833589,0.08742435494883738,-0.1985124906581582,-0.5219249111819161,0.27791502685364505,0.10681595733956327,-1.8134000301361084,0.07069999724626541,0.1067000031471252,0.178399994969368,0.2023500055074692,0.2098499983549118,0.222350001335144,0.2291000038385391,0.2348999977111816,0.3269500136375427,0.3071500062942505,0.12441719973759692,0.08380166766243086,0.07164053840933904,0.36450267355752797,0.0744425200449752,-0.17597339546390572,-0.5078980778453105,0.255294050540365,0.10042269874667653,-1.824099987745285,354594.38891516,187594.0528886158,2
87,32.28434652,-6.713131575,1333.66,24.98,32.78,0.05274999886751175,0.08250000327825546,0.1492999941110611,0.1737000048160553,0.1840499937534332,0.1946000009775162,0.1958000063896179,0.2025000005960464,0.2632000148296356,0.2558000087738037,0.13474358758722085,0.08253463303338283,0.0685446613883781,0.40711462008018395,0.07655501140114986,-0.1468409698852309,-0.5227075544215827,0.24801452222114126,0.06732656610268606,-1.5604999959468842,0.04690000042319298,0.07079999893903732,0.1342000067234039,0.1556999981403351,0.167600005865097,0.178000003099442,0.181999996304512,0.1852000057697296,0.2368000000715256,0.2345999926328659,0.15117011060154206,0.08784609667443218,0.07306855697642449,0.43987341383638223,0.08653566208418531,-0.13085005757010323,-0.5396619022327304,0.2368728271310807,0.05555327827224255,-1.439400017261505,376183.69985213503,188467.15345476274,5
88,32.27109319,-6.699269916,1141.67,20.54,26.77,0.05400000140070915,0.08129999786615372,0.1446000039577484,0.1603499948978424,0.1762000024318695,0.1884499937295914,0.198500007390976,0.1980500072240829,0.2356999963521957,0.2243500053882599,0.15709706060413664,0.09589610255194278,0.08112094811231689,0.4188706465471562,0.10518976561898966,-0.0856747778785111,-0.4870662486278315,0.2019595282524316,0.05287929545162794,-1.5529000610113146,0.05085000023245811,0.0731000006198883,0.1313000023365021,0.1463000029325485,0.1620499938726425,0.176949992775917,0.1859000027179718,0.1861999928951263,0.2124499976634979,0.208299994468689,0.17213114545809008,0.10022026439750838,0.08572370569348074,0.43552123632761885,0.11999997095716308,-0.06664991804556608,-0.48800559409322747,0.1843238524055325,0.0442533333381796,-1.4398000240325928,377470.8008393398,186981.55099453632,5
89,32.24628651,-6.691956575,1942.04,45.92,49.24,0.07079999893903732,0.1049999967217445,0.191200003027916,0.2204000055789948,0.2258999943733215,0.2377000004053116,0.2419999986886978,0.2428999990224838,0.2887000143527985,0.2793000042438507,0.11726684058682608,0.08165451494963931,0.06834570415244008,0.3948126898678853,0.04856463019955807,-0.0879970123016601,-0.46659896367052267,0.2107985573084664,0.08063391523393638,-1.9560000151395798,0.0681999996304512,0.1044000014662743,0.181999996304512,0.2083999961614609,0.219200000166893,0.232099995017052,0.2381999939680099,0.2406000047922134,0.2804000079631805,0.2876999974250793,0.13374583253394032,0.09161051661202581,0.07725298076842974,0.3905428893587289,0.07171494095911997,-0.0813729536379695,-0.4573804618676645,0.2029136458107496,0.08067108156899924,-1.892199948430061,378125.5758927803,184222.92315506106,4
90,32.22988651,-6.715299908,2211.08,56.43,49.18,0.07810000330209732,0.1164000034332275,0.1891999989748001,0.2143000066280365,0.2291000038385391,0.2433999925851822,0.2476000040769577,0.2583999931812286,0.3102999925613403,0.313400000333786,0.1336996441401992,0.09350982853102802,0.08124426973984468,0.36043955378110676,0.0932938152690769,-0.11238571204481831,-0.45441760134481857,0.21061558916013878,0.09724801777229784,-1.951200008392334,0.07225000113248825,0.1085999980568886,0.1903000026941299,0.2095499932765961,0.2235500067472458,0.235100001096725,0.2560999989509583,0.2469500005245209,0.3131999969482422,0.3050499856472015,0.14740142443310628,0.10428993471436654,0.08863026632462102,0.40444201178990985,0.08192772765357606,-0.10029860935937075,-0.4850640133454739,0.21055478680783915,0.09554165457376483,-2.014800012111664,375903.40186060796,182432.2885884801,4
91,32.22640485,-6.742993239,1904.06,35.98,47.58,0.0843999981880188,0.1173999980092049,0.1829999983310699,0.2021999955177307,0.2099000066518784,0.2207999974489212,0.2477999925613403,0.2404000014066696,0.2763999998569489,0.2483000010251999,0.15041781673583188,0.10442629168078799,0.09458196283336504,0.35706461544905654,0.08630819265268895,-0.05455934310320951,-0.4037582587748698,0.1606872272051472,0.06863012024784566,-1.9191999584436412,0.03929999843239784,0.0575999990105629,0.1015999987721443,0.1120999976992607,0.1273999959230423,0.136099994182587,0.1562000066041946,0.1473000049591064,0.1840000003576279,0.1741999983787537,0.21179211203100085,0.10807602423729495,0.09279087628562983,0.4611786929048012,0.13569779014423036,-0.08171661699829535,-0.523178812725312,0.18727913765459864,0.032052799763989455,-1.1738000288605688,373288.87390619854,182079.55016461862,4
92,32.24609651,-6.751459913,2377.21,38.98,69.87,0.06509999930858612,0.1054000034928322,0.1835999935865402,0.1807000041007996,0.2143000066280365,0.2272000014781952,0.2489999979734421,0.240899994969368,0.2793999910354614,0.2657000124454498,0.1511789309100227,0.10518979998730071,0.08779231297459104,0.4051918551955294,0.14278935213128374,-0.05753216055417996,-0.45218292506408136,0.19160981934851268,0.07423658109538066,-1.9521999508142471,0.06400000303983688,0.0997999981045723,0.1756000071763992,0.1754000037908554,0.1982000023126602,0.213100001215935,0.2432000041007996,0.2212000042200089,0.2585999965667725,0.2432000041007996,0.1614135504839879,0.11036133450373733,0.09302069024932742,0.4180758153240199,0.11548159200344059,-0.030689502620159365,-0.44308035820352204,0.1712975378565797,0.06289152022550583,-1.8944000601768494,372519.29686239886,184272.86575988933,4
93,32.23059652,-6.764231571,1266.88,24.16,28.98,0.0535999983549118,0.08240000158548355,0.1477999985218048,0.1693000048398972,0.1759999990463257,0.1864999979734421,0.1946000009775162,0.2011000066995621,0.2563000023365021,0.2529999911785126,0.13668224996338516,0.08333333775556784,0.0696677419492083,0.40505414421958424,0.08585313386369602,-0.1368374379433725,-0.513433711909965,0.23900046181403142,0.06484389833018778,-1.5471999943256378,0.04455000162124634,0.07039999961853027,0.130500003695488,0.1497499942779541,0.1570499986410141,0.171299993991852,0.1781000047922134,0.1782000064849854,0.2305500060319901,0.2280499935150146,0.1542449761286297,0.08830076786497348,0.07314187474232241,0.433400413797443,0.08675106587618363,-0.1283494426089484,-0.5321482069260586,0.23710810219250153,0.05257692738048192,-1.4022000432014465,371293.57484401873,182570.19946535883,4
94,32.21925651,-6.777921572,1961.77,40.36,93.33,0.0645499974489212,0.1072999984025955,0.1951999962329865,0.2136500030755997,0.2261999994516373,0.2396499961614609,0.2572999894618988,0.2551499903202057,0.3429999947547913,0.3285999894142151,0.13723755813231767,0.09779526639615849,0.07984570064451905,0.411409752168291,0.08852386463462235,-0.1427619646899665,-0.5234288239182499,0.25155515305519943,0.11270979464550025,-2.0478999316692357,0.05959999933838844,0.09759999811649323,0.184799998998642,0.1931000053882599,0.2039999961853027,0.221399992704391,0.2460000067949295,0.2310000061988831,0.3111000061035156,0.3070999979972839,0.14206129719402028,0.09862485079828227,0.08019709562306125,0.43189757312371113,0.08936571489215796,-0.1168551385469061,-0.5223880725719403,0.23742981417813222,0.09553881125134465,-1.958800032734871,369986.9738685924,181329.99885328359,4
95,32.20955818,-6.796341573,1623.19,23.01,36.87,0.05249999836087227,0.08254999667406082,0.1363999992609024,0.1578000038862228,0.1794500052928925,0.2002999931573868,0.2261999994516373,0.2179500013589859,0.2515000104904175,0.2282000035047531,0.24765581980674603,0.15615580858700065,0.13599055000919344,0.46526317122229405,0.1600798309328839,-0.052962132005998815,-0.5057626393865247,0.16381639744361637,0.057392303275358714,-1.6479000002145767,0.02830000035464764,0.05260000005364418,0.07800000160932541,0.1004000008106232,0.1607999950647354,0.18350000679493,0.2134000062942505,0.1973499953746796,0.1871500015258789,0.153099998831749,0.464653399271957,0.25663381981180533,0.23040534230687545,0.6045112849575979,0.3256087169791648,0.06553489998837919,-0.5612095934289119,0.0462661457775818,0.02865266501497388,-1.3518000394105911,368236.6629073298,180277.92123204976,3
96,32.21758818,-6.817698244,801.84,10.1,19.15,0.03790000081062317,0.05820000171661377,0.1058000028133392,0.1146999970078468,0.1216000020503998,0.1349000036716461,0.1555999964475632,0.1488000005483627,0.1985999941825867,0.1993999928236008,0.19051259978775362,0.09810873459922238,0.08266107856882696,0.4555659266217115,0.1294117788514588,-0.12140033526574281,-0.5467289492261285,0.22273549065036588,0.03960083741477495,-1.1905999928712845,0.03299999982118607,0.0494999997317791,0.08900000154972076,0.09640000015497208,0.1089999973773956,0.122400000691414,0.1365000009536743,0.1273999959230423,0.1671999990940094,0.1601500064134598,0.2106430096052676,0.09820813075131156,0.08345045505441606,0.4677419378147202,0.13851651551748653,-0.1010865921449731,-0.5431472056153798,0.20366455103661885,0.026777080927236078,-1.028500013053417,366235.8628884832,181195.26303201227,3
97,32.24169319,-6.843028239,1249.25,16.61,19.71,0.05669999867677689,0.0794999971985817,0.1283999979496002,0.1488000005483627,0.1711000055074692,0.1926999986171722,0.1842000037431717,0.2078000009059906,0.2371000051498413,0.2036000043153763,0.17850289607454867,0.10300271783903168,0.09121523154243624,0.397042115182526,0.1654514861232515,-0.125563731698234,-0.49778902806207004,0.2054749329484197,0.048273562071683436,-1.4040000140666962,0.03959999978542328,0.0568000003695488,0.09610000252723694,0.1138999983668327,0.152199998497963,0.164399996399879,0.1552000045776367,0.1834000051021576,0.1945499926805496,0.1781000047922134,0.23517707976251184,0.11799547748869516,0.10297602657333546,0.4641509502249816,0.23377062122639164,-0.1125089014978769,-0.5480405632456264,0.1974456498754051,0.03464935462873097,-1.1429000347852707,363885.654877656,183900.23449451948,3
98,32.25230486,-6.829213246,1723.68,32.06,44.0,0.0674000009894371,0.1001999974250793,0.1697999984025955,0.1949000060558319,0.2076999992132187,0.2198999971151352,0.225600004196167,0.2370000034570694,0.3206999897956848,0.2937999963760376,0.14112292687330197,0.09347778473021073,0.08022313848496751,0.38489872855179047,0.09747625926482795,-0.17408015096345786,-0.5238774020942766,0.2520740069283382,0.09422165583976749,-1.7766000181436539,0.0685499981045723,0.09674999862909317,0.1636999994516373,0.1851000040769577,0.198400005698204,0.21340000629425,0.2222000062465668,0.2267999947071075,0.3007999956607819,0.280349999666214,0.15159369209516457,0.09905182258491564,0.08652439129817242,0.39332185391581176,0.10123814190825595,-0.15028678580741686,-0.513268769838382,0.23005626038349644,0.08432927868309738,-1.736000031232834,365203.37190384715,185058.71567723365,3
99,32.26071319,-6.828593244,1182.55,21.72,27.07,0.0544000007212162,0.0828000009059906,0.1431999951601028,0.166700005531311,0.1853999942541122,0.193000003695488,0.1933999955654144,0.2094999998807907,0.2691999971866608,0.2480999976396561,0.14913844812642643,0.09000717361073082,0.0763103514413604,0.4004344521070251,0.11376925470489012,-0.16385646918506122,-0.5295454453441832,0.24931838631432662,0.06678851866660598,-1.5173999518156047,0.04794999957084656,0.07639999687671661,0.1263999938964844,0.1433500051498413,0.1587499976158142,0.173849999904633,0.1782000064849854,0.1851000040769577,0.2363000065088272,0.2245000004768372,0.17005913445032644,0.09656974750921335,0.08211926865149695,0.39984292169785196,0.12711218641243904,-0.14016887349178492,-0.5113527578815179,0.2318926596234953,0.053049351573908346,-1.3702000081539158,365274.54089730926,185990.05003650577,3
100,32.26651486,-6.867879914,1239.45,21.46,28.76,0.05534999817609787,0.08619999885559082,0.1441999971866608,0.1676999926567078,0.1766500025987625,0.1886499971151352,0.195700004696846,0.2052000015974045,0.2779000103473663,0.2655999958515167,0.15151517232506673,0.09197524835342519,0.07823063216929654,0.38843562991460273,0.10056317891648771,-0.17356419524032826,-0.526503724580831,0.2541038427728264,0.07381024159539694,-1.5271000117063522,0.05070000141859055,0.07670000195503235,0.1317999958992004,0.1446000039577484,0.1554999947547913,0.164499998092651,0.1809999942779541,0.1805000007152557,0.2487999945878983,0.2383999973535538,0.15728900181103017,0.09079724219982506,0.07728315108723374,0.4047341615942051,0.1104275488497427,-0.15774779411024578,-0.5287250197603072,0.24318144358525914,0.05931391805131916,-1.410599946975708,361582.92286309414,186684.57027720707,2
101,32.24024486,-6.900046577,2605.35,50.85,89.35,0.07005000114440918,0.1180000007152557,0.2052000015974045,0.2221000045537949,0.2347999960184097,0.2497999966144562,0.2682999968528748,0.2644500136375427,0.3531000018119812,0.3364000022411346,0.1332629257206498,0.09722649515550012,0.07990881444191297,0.38907583923045547,0.08704142927408566,-0.13646605246997454,-0.49904478738373237,0.2453019626629576,0.11878284140089511,-2.131499990820885,0.0689999982714653,0.1164000034332275,0.1967999935150146,0.2134999930858612,0.2243999987840652,0.236599996685982,0.2662000060081482,0.2520000040531158,0.3314000070095062,0.3190999925136566,0.1498920354529496,0.10809970798675635,0.0899196854240117,0.3915316217637009,0.08270679080810703,-0.10910307809904415,-0.4801250515460822,0.22353485632091852,0.10574973975575919,-2.0821999907493587,358511.28592037293,183815.43292602606,2
102,32.21418319,-6.894169909,1772.8,42.43,69.77,0.07020000368356705,0.1080000028014183,0.1859000027179718,0.1982000023126602,0.2143500000238419,0.2265499979257584,0.2443999946117401,0.2441000044345856,0.3343000113964081,0.3197500109672546,0.13595164332058265,0.09432439868056088,0.07977416738516463,0.38706013741352135,0.1037757208183346,-0.15534822135124352,-0.5116436826116163,0.24628655069052127,0.10689243231035482,-1.935499981045723,0.0693499967455864,0.1050999984145164,0.1784999966621399,0.1905499994754791,0.2037999927997589,0.215849995613098,0.2430000007152557,0.2337000072002411,0.3188000023365021,0.3046500086784363,0.15302492123704559,0.10499186799243175,0.08988921172026837,0.39615053791821325,0.10170891442327122,-0.13492346221888427,-0.5041283393235377,0.22843204115128152,0.09712242347850086,-1.8972999900579453,359023.6019210195,180918.3455457518,2
103,32.19728485,-6.885879908,2561.68,46.05,47.28,0.0617000013589859,0.08940000087022781,0.1427000015974045,0.1492500007152557,0.2028499990701675,0.2275000065565109,0.2413000017404556,0.246299996972084,0.265749990940094,0.2164500057697296,0.25677083080524776,0.16730769191869566,0.15078758231341952,0.4593286943203425,0.24535456093767027,-0.04822007593799975,-0.4965507352946816,0.14821841301078695,0.05752158707228893,-1.741200014948845,0.05290000140666962,0.08070000261068344,0.1252000033855438,0.1246500015258789,0.1760500073432922,0.197300001978874,0.221900001168251,0.2134499996900558,0.2248499989509583,0.190650001168251,0.278594054265206,0.1712312547447867,0.1533606069593097,0.46662259196169453,0.26264418095881253,-0.006603240683417771,-0.4717721981075552,0.12042890141582024,0.04286765256268144,-1.5741000175476072,359778.22085514,179033.86487560783,2
104,32.19375153,-6.91904658,1490.12,54.23,44.3,0.05864999815821648,0.09965000301599503,0.1668000072240829,0.1976999938488007,0.2197500020265579,0.2318000048398972,0.2249000072479248,0.2512499988079071,0.3057000041007996,0.2795499861240387,0.14832779609117464,0.09773466257860948,0.08133495433268215,0.3859189643659513,0.11927832880214659,-0.15228042776555933,-0.5083261304029253,0.2499173354770862,0.0854584319044971,-1.7592000663280485,0.06520000100135803,0.09989999979734421,0.160400003194809,0.1953999996185303,0.2169000059366226,0.226600006222725,0.2205999940633774,0.2425000071525574,0.2912000119686127,0.2660000026226044,0.15800522609917078,0.10249714708726528,0.08884296143037634,0.3765990521107038,0.10755881867590336,-0.13794454266356126,-0.4891332291664913,0.22484407048291535,0.07745920394735342,-1.7051999866962435,356646.12390773115,178687.18263846007,2
105,32.18758319,-6.944278246,2953.49,61.29,87.69,0.07980000227689743,0.1269000023603439,0.2046000063419342,0.2363999933004379,0.2460999935865402,0.2659499943256378,0.2727000117301941,0.2851499915122986,0.38960000872612,0.3759500086307526,0.14267756687009223,0.10452267082108126,0.08952045985007727,0.3648648745341414,0.0934713824905835,-0.1765061047995704,-0.508615682901086,0.25530790470322196,0.14647012664312611,-2.1327000856399536,0.07850000262260437,0.1228000000119209,0.2057999968528748,0.2272000014781952,0.2377000004053116,0.25330001115799,0.2757999897003174,0.2732999920845032,0.3607000112533569,0.3513999879360199,0.14534882611414343,0.10696820569432026,0.09105808807501786,0.38384343515665537,0.09210787433991265,-0.13338573651602076,-0.4920372393101604,0.23045179784313527,0.12674997960295184,-2.1623999327421193,354257.5028428331,178038.28588962727,1
106,32.1875082,-6.957111584,1180.2,20.37,28.3,0.05094999819993973,0.07715000212192535,0.1293999999761581,0.1473499983549118,0.1533000022172928,0.1640499979257584,0.1790000051259995,0.189300000667572,0.2743499875068665,0.2567499876022339,0.16083010430749278,0.09203365568430469,0.07881648880062726,0.39761858178624226,0.12461013607562298,-0.21032311397380046,-0.561024155454951,0.2742622477569471,0.070439355891061,-1.3877000212669373,0.0390000008046627,0.06179999932646751,0.1074000000953674,0.1177000030875206,0.124499998986721,0.139899998903275,0.1480000019073486,0.1513999998569489,0.214699998497963,0.2034000009298325,0.15896633255540504,0.0806195427012361,0.0676711812591188,0.4108675007773053,0.12523224182628595,-0.18389852862470268,-0.5529837244902939,0.2653702519535454,0.043669979894120706,-1.153400011360645,353047.5439077716,178047.95165859512,1
107,32.1914182,-6.971603247,1216.97,20.85,32.1,0.05370000004768372,0.08240000158548355,0.1410000026226044,0.1597000062465668,0.1673000007867813,0.1846999973058701,0.2166000008583069,0.207749992609024,0.2804999947547913,0.250900000333786,0.21140938839036855,0.1322294739893595,0.11386570698587094,0.4488294238366183,0.13076605356195675,-0.1285455528703592,-0.5458803930041322,0.21856027266266023,0.07037744877760412,-1.6232000142335894,0.05260000005364418,0.0812000036239624,0.1319999992847443,0.1458999961614609,0.1638000011444092,0.172099992632866,0.2083999961614609,0.1920000016689301,0.2531000077724457,0.2305999994277954,0.22444182630533727,0.1363636315278997,0.11893641771380857,0.4392264923774854,0.13643091348635697,-0.0968580956296771,-0.5142087878376945,0.19207554561442733,0.05836486164750099,-1.5395999699831011,351687.90385269123,178501.8854486872,1
108,32.21371487,-6.954701589,3061.69,61.93,86.64,0.07415000349283218,0.1200999990105629,0.2159000039100647,0.2400999963283539,0.2504999935626984,0.2737999856472015,0.2822999954223633,0.2832500040531158,0.400299996137619,0.3669500052928925,0.1332797901806356,0.09977959059813458,0.08211418294215535,0.4030815065922052,0.08244961805839349,-0.17286844711602703,-0.5384319738681748,0.2670539260190218,0.14689008570144416,-2.250799998641014,0.07419999688863754,0.1158000007271767,0.2010000050067902,0.224700003862381,0.2371000051498413,0.25314998626709,0.2714000046253204,0.2682499885559082,0.3679499924182892,0.3567500114440918,0.14902624477998871,0.10859728340371683,0.09162371478579454,0.4018595076067467,0.08834564413225007,-0.15101272869071503,-0.5212402992097812,0.24421846364442584,0.13126616400607816,-2.1304000467061996,353318.0258858765,180949.77038980532,1
109,32.24688488,-6.972841588,2542.45,48.88,74.92,0.06560000032186508,0.1055999994277954,0.1858000010251999,0.2116499990224838,0.2236499935388565,0.2370000034570694,0.245399996638298,0.2578499913215637,0.3707999885082245,0.3567000031471252,0.13821891418791274,0.09600514781353459,0.07975590889776053,0.3982905936725072,0.09840254132235919,-0.20350534678543203,-0.5566750529795776,0.2830797557786693,0.13226435706783765,-1.9447999894618988,0.06279999762773514,0.1033999994397163,0.1759999990463257,0.1992000043392181,0.2076500058174133,0.221349999308586,0.2314999997615814,0.241349995136261,0.341949999332428,0.3327000141143799,0.13619632083783564,0.09173553849282734,0.07638315490471248,0.3825022402056382,0.0956758387278425,-0.19260615494417963,-0.535646121061551,0.2753462627015536,0.11376676960431098,-1.8306999951601028,351663.84886671,184652.5075251281,1
110,32.24679655,-6.985013259,2472.04,33.82,63.01,0.06480000168085098,0.1041999980807304,0.1844999939203262,0.2084500044584274,0.2194000035524368,0.2336000055074692,0.24269999563694,0.2474000006914139,0.3398000001907349,0.3255999982357025,0.13623596208579988,0.09415444732328572,0.07807050945120292,0.399250503502976,0.08544476408361251,-0.16669528769546194,-0.5306306362535751,0.26063957533855603,0.110638879462595,-1.9275999516248703,0.0608999989926815,0.1004000008106232,0.18019999563694,0.1984499990940094,0.2112500071525574,0.224050000309944,0.2423000037670135,0.2373500019311905,0.3246999979019165,0.3146499991416931,0.14698226762295735,0.10097562304097171,0.08316594164228473,0.4140647815783115,0.08926113505371604,-0.1453262676314592,-0.5276405486778852,0.24959781147560592,0.10216685406114578,-1.911699995398521,350517.01386214973,184660.06641326268,1
111,32.24217987,-7.00684325,3400.0,98.6,40.06,0.05460000038146973,0.08470000326633453,0.1024999991059303,0.1578000038862228,0.238649994134903,0.2799000144004822,0.2694000005722046,0.2910999953746796,0.2401500046253204,0.1968999952077866,0.44877655596112725,0.2871315544120072,0.28290053958288053,0.5216040519120826,0.296948076210698,0.057403582751690795,-0.4785285427245657,0.027975703320387933,0.047285534759875514,-1.6900999918580055,0.07069999724626541,0.1005000025033951,0.1357000023126602,0.1729000061750412,0.209649994969368,0.23139999806881,0.24269999563694,0.2474499940872192,0.2629500031471252,0.2306499928236008,0.2827695391683427,0.18271856826168698,0.17522023910196932,0.4143356453663599,0.17735217720545585,-0.040047478530273566,-0.4469665639597466,0.11972475620425561,0.06064941633885023,-1.690999984741211,348452.54486394755,184179.73423830065,1
112,32.25646988,-7.017748259,3078.86,99.23,43.72,0.04560000076889992,0.07119999825954437,0.1101000010967255,0.1800999939441681,0.2340500056743622,0.258650004863739,0.2745999991893768,0.2736499905586243,0.2973000109195709,0.2615500092506409,0.4276059203085685,0.2789081011180973,0.2581282922613977,0.5882012777390947,0.20617079802392746,-0.0396922736304507,-0.6135685384381049,0.11984608370405164,0.07775882060622942,-1.7811000049114227,0.02765000052750111,0.04484999924898148,0.0535999983549118,0.09470000118017197,0.1949999928474426,0.226950004696846,0.2194000035524368,0.2372000068426132,0.1817499995231628,0.1283999979496002,0.6073260198967639,0.3217335151133629,0.3108070231040606,0.660548729583475,0.4293461939998275,0.09385517548736856,-0.6041482807230361,-0.024253744050830098,0.023336699566113936,-1.27530001103878,347449.69991749554,185779.73642191832,1
113,32.25208487,-6.975248257,1291.41,24.23,34.67,0.04695000126957893,0.07859999686479568,0.1433999985456467,0.1676999926567078,0.1800000071525574,0.1967999935150146,0.2003999948501587,0.2134499996900558,0.3248000144958496,0.307200014591217,0.16579405827124538,0.10132732297458326,0.0833979502904934,0.43655914396314077,0.1200315042160461,-0.23686218049336033,-0.6103123700723827,0.3086437199155302,0.09977856919235249,-1.5617999732494354,0.04780000075697899,0.08070000261068344,0.1372999995946884,0.1534000039100647,0.1680500060319901,0.178249999880791,0.193900004029274,0.1960500031709671,0.2822999954223633,0.265500009059906,0.1708937308103243,0.10214148975183046,0.08528207053664992,0.41223597330344225,0.12204892910179174,-0.18563626902404248,-0.5553718825033016,0.2690155602823186,0.07495065134224888,-1.4946000128984451,351445.8198902152,185232.37925351856,1
114,32.26836818,-6.727043247,1294.0,25.73,35.69,0.06665000319480896,0.09880000352859497,0.1685000061988831,0.1877499967813492,0.2036000043153763,0.2148499935865402,0.2190999984741211,0.2236499935388565,0.2676500082015991,0.2600499987602234,0.130546933783913,0.08551147815824862,0.0731118668567508,0.37842086759746996,0.08726299833478894,-0.09974321307011202,-0.46077227127107023,0.20833911784918396,0.06960238430099963,-1.740400016307831,0.03420000150799751,0.04699999839067459,0.08959999680519104,0.1026000007987022,0.1125999987125397,0.119300000369549,0.1260000020265579,0.1272000074386597,0.1695999950170517,0.1647000014781952,0.16883119318076475,0.07629961978925012,0.06467203105215244,0.456647416119698,0.10704963294648083,-0.14749659431344628,-0.5660203129811524,0.23605147627007747,0.02793311943001031,-0.9839999973773954,374851.0708476661,186712.3759710217,4
115,32.25102818,-6.733423242,1253.62,16.48,32.38,0.06809999793767929,0.0982000008225441,0.1609999984502792,0.179299995303154,0.1889999955892563,0.2018000036478043,0.2119999974966049,0.214699998497963,0.2714999914169312,0.262800008058548,0.13672922108250896,0.0876288647476042,0.076473232769823,0.36686008034763967,0.08984772503024574,-0.12306100343655985,-0.46875843593032207,0.21386471703978832,0.07135019993226523,-1.6685999780893324,0.06485000252723694,0.0925000011920929,0.1515000015497208,0.1628500074148178,0.1770000010728836,0.188500002026558,0.2040999978780746,0.1986999958753586,0.2484000027179718,0.2413000017404556,0.1479189996205701,0.09221598240450807,0.08083725999967778,0.3762643178003377,0.09915637680858097,-0.09790056283678092,-0.45731885972547287,0.1957838121427804,0.05993892108817577,-1.5929999947547913,374225.57684093114,184797.7291967382,4
116,32.25448485,-6.748501572,1732.27,27.23,33.46,0.04940000176429749,0.08219999819993973,0.1415999978780746,0.1589999943971634,0.1784999966621399,0.1925999969244003,0.2060000002384186,0.2056999951601028,0.261900007724762,0.2485000044107437,0.18527043303806587,0.11396885766302164,0.09554329615972121,0.4295628115188732,0.12805045783407124,-0.119469985927575,-0.5222319264996278,0.22476855617827113,0.06508215307477717,-1.5735999941825867,0.04690000042319298,0.0714000016450882,0.126800000667572,0.1404000073671341,0.1668000072240829,0.179900005459785,0.2108000069856644,0.1923000067472458,0.2304999977350235,0.2177000045776367,0.24881517821396873,0.15042980936707703,0.12964164260999658,0.4939759056811356,0.15599638419694342,-0.044640812358900855,-0.5269956803233456,0.16195120307417105,0.05017985056205986,-1.5452000349760056,372810.02889071155,185199.18855408602,4
117,32.26126986,-6.76307324,1460.02,27.93,35.44,0.05629999935626984,0.08860000222921371,0.1586000025272369,0.1834000051021576,0.1952999979257584,0.2071000039577484,0.2187999933958054,0.221900001168251,0.2928000092506409,0.2849000096321106,0.15951243073498006,0.10291769628726215,0.08609099677882535,0.42355235067037333,0.09499135301126933,-0.14464428328263865,-0.5353959106968119,0.2426703615744623,0.08341872545578967,-1.709799975156784,0.04890000075101852,0.07925000041723251,0.1469999998807907,0.1618500053882599,0.1772499978542328,0.189050003886223,0.2054000049829483,0.2023999989032745,0.2671500146389008,0.2607499957084656,0.1657207835709823,0.10276866160651858,0.08485166237829422,0.4431758360418419,0.11132462024965424,-0.13067401748219792,-0.5424365055203101,0.23913531857764134,0.0696593651706099,-1.60350002348423,371447.1418757815,185969.20537651674,4
118,32.27977819,-6.772396578,1304.89,24.12,35.9,0.05950000137090683,0.0877000018954277,0.1472000032663345,0.1691000014543533,0.1823000013828278,0.1965000033378601,0.2046000063419342,0.2153999954462051,0.3113000094890594,0.2770000100135803,0.16316089069000886,0.10108007001901276,0.08741738376546898,0.39993157972012916,0.12041610986907254,-0.20682302707130867,-0.560401004143741,0.26902850715054755,0.0862301057456971,-1.5836000442504883,0.0575999990105629,0.08410000056028366,0.1351999938488007,0.15625,0.1665499955415726,0.182349994778633,0.1982000023126602,0.2011000066995621,0.2819499969482422,0.2592499852180481,0.18896223455379782,0.11339094448169526,0.09984786602820492,0.40417995106982024,0.12550722186431076,-0.17442464769358362,-0.5404999240379734,0.23976519967804524,0.07309553254106049,-1.498799979686737,370595.897878318,188032.5310884397,3
119,32.29129485,-6.783476576,1567.72,34.73,33.4,0.05559999868273735,0.08569999784231186,0.1570000052452087,0.1821999996900558,0.1940000057220459,0.2117000073194504,0.2160000056028366,0.2276999950408936,0.2980000078678131,0.2680999934673309,0.1581769396341564,0.10137456980151881,0.08472142269735637,0.43188599880917256,0.11100267339525212,-0.15953307384519314,-0.5532968629471205,0.2524084835996232,0.07989380016262525,-1.693600058555603,0.0494999997317791,0.07500000298023224,0.1376000046730042,0.1550000011920929,0.1711000055074692,0.18469999730587,0.1958000063896179,0.1961999982595444,0.2465000003576279,0.2331999987363815,0.17456508581553998,0.10475162156958595,0.0881738030352044,0.44608566759063556,0.11731206439199601,-0.11462806484277234,-0.5334369986420546,0.22052748050425608,0.057483799771916866,-1.5170000493526459,369569.3428862409,189323.03072412295,3
120,32.29166486,-6.797259909,1927.4,42.69,40.76,0.07199999690055847,0.1081999987363815,0.1803999990224838,0.2029000073671341,0.220100000500679,0.2326000034809113,0.2386000007390976,0.2469999939203262,0.328000009059906,0.3016000092029572,0.1389021518158198,0.0949945621301079,0.08169567816464018,0.37600923247961804,0.0980217522315431,-0.15778328029810484,-0.50389730832439,0.24151405228237513,0.0989248057510377,-1.878600001335144,0.06004999950528145,0.0929500013589859,0.1562000066041946,0.1790000051259995,0.2138999998569489,0.233799993991852,0.2337000072002411,0.2488999962806702,0.2788499891757965,0.2466499954462051,0.19876890908793263,0.13063265433280102,0.11261097385927596,0.43088933636089455,0.16335590269111236,-0.08808893221480338,-0.4999999786159742,0.19388033534398472,0.06877834856038455,-1.7636000663042068,368271.98886605026,189381.34273808723,3
121,32.27064319,-6.79060991,1397.97,29.35,35.1,0.06430000066757202,0.09600000083446503,0.1700000017881393,0.184799998998642,0.1973000019788742,0.2084999978542328,0.2248000055551529,0.2198999971151352,0.3023999929428101,0.2820000052452087,0.13880446456161954,0.09186410927127336,0.07772829624179546,0.40149626481852824,0.08673090775097089,-0.14719269245362937,-0.5180722761397942,0.2407091110150457,0.08527679959602352,-1.782000035047531,0.05689999833703041,0.08959999680519104,0.1562999933958054,0.1597999930381775,0.1679999977350235,0.181500002741814,0.2110999971628189,0.1923000067472458,0.2608000040054321,0.2527999877929688,0.14915624666874644,0.09476597480429036,0.07955172999059101,0.4040572078178906,0.09230336164888124,-0.10531893751696392,-0.4885844929098135,0.21763246712700293,0.06593023782897944,-1.6577999591827393,368867.12483270816,187042.5460860519,3
122,32.26760319,-6.809678249,2623.79,65.01,54.87,0.06939999759197235,0.1070000007748604,0.1643999963998795,0.2044000029563904,0.2325000017881393,0.2495000064373016,0.2603999972343445,0.2657999992370605,0.3348000049591064,0.2958000004291534,0.22598870538387414,0.15570934498584374,0.13902566353639695,0.4175285706945274,0.13058272195589232,-0.12500001230776295,-0.515617928275446,0.20434258999738433,0.09903384161058422,-1.9099999666213994,0.06554999947547913,0.09825000166893005,0.1568000018596649,0.1859499961137772,0.1964000016450882,0.214450001716614,0.2310999929904938,0.2323500066995621,0.3005000054836273,0.2802000045776367,0.19154419161048442,0.12552087773697035,0.1105473669093365,0.4033702537495766,0.11092519761603992,-0.13054930880697263,-0.5072100305445476,0.2130778098081874,0.08420010291209223,-1.7429999709129333,367066.5918516234,186729.63434895762,3
123,32.26476486,-6.822394915,2162.39,48.86,44.69,0.06340000033378601,0.0982000008225441,0.1692000031471252,0.193000003695488,0.2076999992132187,0.2243999987840652,0.229200005531311,0.239099994301796,0.321399986743927,0.2917999923229218,0.1506024119643323,0.10017809740303818,0.08479846464043961,0.4001221801048453,0.1066882451129044,-0.16745365481057387,-0.531935157300474,0.25280896941525755,0.09378451366446507,-1.7956000417470928,0.05660000070929527,0.08754999935626984,0.1495999991893768,0.1657499969005585,0.1820999979972839,0.194749996066093,0.2111999988555908,0.2108999937772751,0.2854500114917755,0.2669999897480011,0.17073170684387,0.10734200709709349,0.09143264276035826,0.41389121280510427,0.11987255508911711,-0.14950168315661805,-0.5305630183629249,0.23795974737164657,0.07621515014187086,-1.6288999915122984,365864.5258506814,186431.2357130037,3
124,32.26956319,-6.842998252,1643.45,48.17,36.09,0.06639999896287918,0.100100003182888,0.1703999936580658,0.2067999988794327,0.2299000024795532,0.2428999990224838,0.2287999987602234,0.2542000114917755,0.3107999861240387,0.2818000018596649,0.14629260036325947,0.09741993815819193,0.08327630354761471,0.3913043308777231,0.10281998143851494,-0.15196439864511663,-0.5127768019263417,0.23956721690938904,0.08758343666773794,-1.7957999557256699,0.0632999986410141,0.09619999676942825,0.1588000059127808,0.195700004696846,0.219200000166893,0.23589999973774,0.2257999926805496,0.2454999983310699,0.2888999879360199,0.2759999930858612,0.17420693405775733,0.11361064923294806,0.09830675420335974,0.40248447128837556,0.1128739645955962,-0.12259568196852438,-0.5003895048544154,0.21525516490789554,0.07973639467284688,-1.7305999994277954,363931.20489019406,186989.81409339036,3
125,32.26090986,-6.845983247,1988.84,31.09,46.8,0.07020000368356705,0.1058000028133392,0.1821999996900558,0.2061000019311905,0.2169999927282333,0.2280000001192093,0.2388000041246414,0.2457000017166138,0.3370999991893768,0.3120000064373016,0.13444181422158902,0.0921824172640938,0.0783716494456429,0.3859547250365672,0.0876494010138248,-0.17068934594266097,-0.52223977152382,0.25389350370564046,0.1051752019170999,-1.8934000134468074,0.06140000000596046,0.09780000150203705,0.1664000004529953,0.183799996972084,0.198400005698204,0.208100005984306,0.229200005531311,0.2270999997854233,0.3023999929428101,0.2975000143051147,0.15874621832553965,0.10518089212599249,0.08884613885283464,0.4018348648354575,0.10537844499793066,-0.1376974933858377,-0.5112443622428018,0.23465892530186738,0.08996400222635259,-1.7824000269174576,363636.76386365143,186034.41499519738,3
126,32.26227652,-6.796281578,2489.97,60.57,67.41,0.06830000132322311,0.1071999967098236,0.1888000071048737,0.2180999964475632,0.227400004863739,0.2416999936103821,0.2520000040531158,0.2572999894618988,0.3472999930381775,0.3219999969005585,0.1433756697029995,0.10076530006167618,0.08437691344373341,0.4031180585540631,0.08245686599440544,-0.15901883745800438,-0.5282728299580495,0.2519850456841703,0.11183059668185714,-1.9896000623703003,0.0617000013589859,0.09889999777078629,0.1733999997377396,0.1959999948740005,0.2149000018835068,0.227349996566772,0.2427999973297119,0.2405499964952469,0.3187499940395355,0.3122999966144562,0.16674675135564268,0.11362147644745572,0.09530610308209123,0.4211296494033404,0.10205017157247968,-0.13525064151346775,-0.5263977015524466,0.23554885662167813,0.09954562205940487,-1.8831999897956848,368320.51888250944,186122.1612246295,3
127,32.25428652,-6.805158249,1551.08,27.28,39.37,0.05990000069141388,0.09520000219345093,0.160400003194809,0.1815000027418137,0.191100001335144,0.2044000029563904,0.2132000029087067,0.2213000059127808,0.3014000058174133,0.2750000059604645,0.14132761967337992,0.09065933953469078,0.07646189822061181,0.3826199688081985,0.09880834711274225,-0.17139526086610127,-0.5199193114953102,0.25676963112922235,0.08288500339627268,-1.6776000261306765,0.05620000138878822,0.08569999784231186,0.1472000032663345,0.1641999930143356,0.1732999980449677,0.187099993228912,0.2041999995708466,0.2001000046730042,0.2761000096797943,0.2696999907493591,0.16220829733093195,0.10042282613560068,0.0855393421049039,0.40876165014548016,0.0985451874499724,-0.14969812320309386,-0.5262576212069074,0.2382624081249245,0.07446417005653848,-1.5856000185012817,367472.44990156125,185247.623766459,3
128,32.23305782,-6.805158249,1068.75,11.53,29.29,0.04989999905228615,0.07795000076293945,0.1348000019788742,0.1524000018835068,0.1621499955654144,0.1729000061750412,0.1796000003814697,0.1872500032186508,0.2465000003576279,0.238999992609024,0.14249363207305304,0.08251473159274324,0.06938636103397487,0.394680639767709,0.10260562552341612,-0.1570053970971849,-0.519494524558685,0.2485265262185063,0.05891349826359748,-1.4161000102758408,0.04814999923110008,0.07045000046491623,0.1237000003457069,0.1394000053405762,0.1485500037670135,0.160549998283386,0.1767999976873398,0.1736499965190887,0.2222999930381775,0.221000000834465,0.17670548257071167,0.0995003075679723,0.08521222362705669,0.43013143614586413,0.10940741372191005,-0.11400650537254456,-0.5187019485039017,0.21201505965405504,0.04912829864693879,-1.3615999892354012,367440.7595325194,182894.23169888722,3
129,32.22002652,-6.768451569,3316.16,88.26,168.4,0.08020000159740448,0.1278000026941299,0.2284000068902969,0.2639000117778778,0.2705999910831451,0.2874000072479248,0.2973999977111816,0.3052999973297119,0.371399998664856,0.3695999979972839,0.1312285851765131,0.10089684711157373,0.08348254115672288,0.3988711064358268,0.07273363460413276,-0.1106459348744097,-0.4879807588533381,0.22733784009977193,0.13726943876272202,-2.3734000176191326,0.07980000227689743,0.1265999972820282,0.2280000001192093,0.2594000101089478,0.2770000100135803,0.290899991989136,0.3050000071525574,0.3052000105381012,0.3641999959945679,0.3596000075340271,0.14446530176053438,0.11181027080054591,0.09279345309129788,0.4133457081190142,0.08111937419971364,-0.08846382019596535,-0.48410758248427654,0.2122824823902854,0.13096632130353927,-2.411800041794777,370880.5598541495,181403.61777098582,4
130,32.22778817,-6.732774901,1817.94,37.27,48.45,0.06520000100135803,0.0997999981045723,0.1703000068664551,0.1935500055551529,0.2104000002145767,0.2237000018358231,0.2366999983787537,0.2459000051021576,0.317550003528595,0.2991000115871429,0.16314493978728345,0.10981255423644774,0.09381179755436875,0.40683507072229613,0.11912617626194988,-0.14587280960890972,-0.5217443489880976,0.2354542684113715,0.09497920973490004,-1.8354000300168996,0.05719999969005585,0.09200000017881393,0.1581999957561493,0.1808999925851822,0.2001000046730042,0.209600001573563,0.2280000001192093,0.2303999960422516,0.298799991607666,0.2815000116825104,0.18073538303416173,0.11814489622195365,0.09981696213554969,0.4249999980897984,0.12035012084952344,-0.13439634105151496,-0.5291709192580274,0.23147398314763454,0.08411220112829199,-1.746999979019165,374253.74990778643,182220.55977996252,4
131,32.23350484,-6.697196564,3260.8,90.37,133.73,0.1037999987602234,0.1472000032663345,0.2476000040769577,0.2649999856948853,0.2741000056266785,0.289900004863739,0.305400013923645,0.2939000129699707,0.3447999954223633,0.3601000010967255,0.10452080987473587,0.082336194955299,0.07180125276669205,0.3495360236395435,0.05170876237683893,-0.06059671004580775,-0.40162600057125164,0.18290733267187556,0.12416247872974397,-2.4706000834703445,0.1066000014543533,0.1538999974727631,0.266400009393692,0.2813000082969666,0.2921499907970428,0.303250014781952,0.3339999914169312,0.3125,0.3571000099182129,0.3638499975204468,0.11259157531542019,0.09214828513282557,0.07923482213727626,0.369133014298454,0.05254292895679276,-0.03342500133588409,-0.39765168123045813,0.1718823646035736,0.12993083772329328,-2.6942000091075897,377614.2828730607,182812.0649315447,4
132,32.2389415,-6.660248234,1428.46,29.53,45.71,0.06679999828338623,0.1032000035047531,0.1700000017881393,0.1961999982595444,0.2020000070333481,0.2150000035762787,0.2231999933719635,0.2222000062465668,0.2829999923706055,0.277099996805191,0.13530008164639526,0.08934167914032788,0.0763402466213145,0.36764703017104544,0.06214150966745778,-0.11813512557252134,-0.46556185997039423,0.21938089555333895,0.07841929698176386,-1.7595999687910078,0.06244999915361404,0.09380000084638596,0.1669999957084656,0.1903000026941299,0.2028000056743622,0.212449997663498,0.218299999833107,0.2223999947309494,0.2788000106811523,0.2700499892234802,0.1331430173503941,0.0869196956675559,0.07320519528181728,0.39891060018184393,0.07778045107661147,-0.12170591318988504,-0.49651101345868387,0.22716950788574372,0.07528993987995135,-1.738899976015091,381103.105847954,183372.11581466344,6
133,32.26174818,-6.660363239,1187.06,21.54,26.57,0.05119999870657921,0.07800000160932541,0.1317999958992004,0.1601999998092651,0.1728000044822693,0.1842000037431717,0.184799998998642,0.1972000002861023,0.2540000081062317,0.2389000058174133,0.16740367588805383,0.09735489241474697,0.08324956589138596,0.40639268164326636,0.1035254626844957,-0.15770284373160454,-0.5301204843866565,0.24091348608423607,0.06068060341420178,-1.4269999712705612,0.04509999975562096,0.06700000166893005,0.1106000021100044,0.136000007390976,0.1537999957799911,0.165399998426437,0.1578000038862228,0.1796000003814697,0.2206999957561493,0.2148000001907349,0.17585693198913321,0.09213951341988308,0.07956039711310264,0.40391458883261067,0.1381495303503943,-0.16618227678514033,-0.5342370348578386,0.24035940400877792,0.04740635913051606,-1.208000026643276,381122.8078330134,185900.61426163084,6
134,32.24597318,-6.651409907,3083.92,77.29,97.94,0.09854999929666519,0.1456999927759171,0.2386000007390976,0.2594000101089478,0.270550012588501,0.2829000055789948,0.3032000064849854,0.2928999960422516,0.3571000099182129,0.3560500144958496,0.11923219779496554,0.09301210207996216,0.08092500685440909,0.3508576823736437,0.060655414628906064,-0.08162956536818412,-0.42044553617564706,0.19444583837257656,0.12714546370784774,-2.4176000505685806,0.09574999660253525,0.1459999978542328,0.2469999939203262,0.2608000040054321,0.2838000059127808,0.291150003671646,0.326200008392334,0.3102000057697296,0.3546999990940094,0.3534500002861023,0.13817169227894613,0.11069700098025263,0.0947334600082647,0.38161797495273414,0.08651488762186627,-0.041856352396046466,-0.416816461144364,0.17559711639080464,0.1253687147812581,-2.5740000158548355,381945.2178429238,184141.6334618391,6
135,32.24788652,-6.651918234,2700.26,42.84,65.84,0.07800000160932541,0.118199996650219,0.2026000022888184,0.2243999987840652,0.2358999997377396,0.2488999962806702,0.2624000012874603,0.2617999911308289,0.3314999938011169,0.3348000049591064,0.12860214711854337,0.09295336597464847,0.07897517023961656,0.37887547304185115,0.07692306261953494,-0.11634954195781917,-0.47431621348825403,0.22149799107614732,0.11098619956855767,-2.0886000245809555,0.07339999824762344,0.1118000000715256,0.1968999952077866,0.2116000056266785,0.2234999984502792,0.236399993300438,0.2551999986171722,0.2450499981641769,0.3287999927997589,0.3309000134468079,0.12895378030684965,0.09184960159778749,0.07727586545603876,0.390735691191508,0.073250831460778,-0.1260273889353786,-0.49251020369198417,0.2307151988788663,0.10879992203875057,-2.036899968981743,381899.8708919265,184354.32270141243,6
136,32.24508485,-6.62548824,1754.08,56.34,41.3,0.07720000296831131,0.1172000020742416,0.1855999976396561,0.2162999957799911,0.226500004529953,0.2442999929189682,0.2471999973058701,0.2549000084400177,0.3370000123977661,0.3296999931335449,0.14232902089483201,0.09905660377358494,0.08642945479095751,0.35675080981345597,0.08191853190240056,-0.1537145043591097,-0.4839277913610524,0.234002369676858,0.11110890177354804,-1.9295999705791478,0.03950000181794167,0.0544000007212162,0.09480000287294388,0.1178499981760979,0.1256500035524368,0.13459999859333,0.1297000050544739,0.1468500047922134,0.2143500000238419,0.2038999944925308,0.15545657369133295,0.07225673250446617,0.06222143335007193,0.40901684715853504,0.10955801352986479,-0.2460398008250556,-0.5951627842382587,0.2925681883007097,0.043705963824335343,-1.0137000381946566,384386.2598749766,184014.16768876777,6
137,32.25087485,-6.600019902,1258.78,11.85,27.44,0.05445000156760216,0.0794999971985817,0.1392000019550323,0.1483999937772751,0.160300001502037,0.1678500026464462,0.1844000071287155,0.1801500022411346,0.2448499947786331,0.2303999960422516,0.13967862721013333,0.082321523813425,0.0701329810772121,0.39749908227562725,0.09663676381674237,-0.1408269941537203,-0.5097888119629681,0.23310320523117364,0.056413437827942385,-1.4590000510215755,0.05499999970197678,0.07739999890327454,0.1356000006198883,0.1422999948263168,0.1523000001907349,0.163499996066093,0.1853999942541122,0.1738000065088272,0.2339999973773956,0.2153999954462051,0.1551401690789163,0.09098659064279298,0.07847461964651033,0.410958895555219,0.09965204508006492,-0.11587983780911564,-0.5028901729018795,0.2118032877601537,0.05040359836950302,-1.4501999765634535,386793.1608759125,184628.16964734154,6
138,32.27443984,-6.630808243,1156.92,22.98,27.18,0.06994999945163727,0.09279999881982803,0.1361999958753586,0.1538999974727631,0.1697999984025955,0.1815000027418137,0.1947000026702881,0.1991499960422516,0.2620500028133392,0.2238499969244003,0.17679059194697758,0.10560838891080294,0.098334214421598,0.35443479293174357,0.12816881255485782,-0.14745484222662028,-0.47696210437534214,0.2015386878893677,0.058659892323805064,-1.4688999950885775,0.06419999897480011,0.08820000290870667,0.1115999966859818,0.1351999938488007,0.2187000066041946,0.253199994564056,0.2373999953269958,0.2664999961853027,0.2258999943733215,0.1818999946117401,0.36045845604454235,0.22226148378884386,0.22062434256334731,0.4582309360212343,0.32686085453597863,0.024821932191906718,-0.43839539069648437,0.056172739044972296,0.0410912077592993,-1.5685999542474747,383923.4168901187,187274.3917721557,6
139,32.28384152,-6.621784911,1333.79,7.12,30.61,0.06800000369548798,0.09179999679327011,0.1397999972105026,0.1599999964237213,0.1668000072240829,0.1764000058174133,0.1896000057458878,0.1974000036716461,0.2879000008106232,0.2676999866962433,0.15118399495216245,0.09006512242200405,0.08199422056917437,0.3475480018571088,0.10464467580666034,-0.2058638607520898,-0.5164603759241161,0.24821244196593,0.07707082638685227,-1.4634000211954117,0.06610000133514404,0.09059999883174896,0.1394000053405762,0.1536999940872192,0.1644999980926514,0.17849999666214,0.1891999989748001,0.1925999969244003,0.2689999938011169,0.2587000131607056,0.1515520171292389,0.09015205172857331,0.08138051598273577,0.35239456956260456,0.11233036019208416,-0.17415974663968026,-0.49610678011164167,0.23067650855441746,0.06959030193657867,-1.4618000239133835,384785.4779121551,188306.68262260803,6
140,32.29512985,-6.636609912,1580.56,22.68,40.35,0.06019999831914902,0.09059999883174896,0.1468999981880188,0.1723500043153763,0.1846500039100647,0.1969999969005585,0.2000000029802322,0.2130499929189682,0.3009499907493591,0.2946499884128571,0.15307006186312797,0.09404889252384863,0.08144672163723815,0.37646250202986153,0.10560453759743935,-0.2015170951815637,-0.5372238461950286,0.2650236423422959,0.0886749112871481,-1.5533000081777573,0.05920000001788139,0.08250000327825546,0.1377999931573868,0.159400001168251,0.1704999953508377,0.181799992918968,0.1886000037193298,0.2001000046730042,0.2716000080108643,0.2752000093460083,0.1556372882732998,0.09220718312064818,0.0808196699969503,0.39136848879037794,0.11321280314390963,-0.1803563711333396,-0.5340299298781448,0.2458916554761656,0.07474432474296579,-1.4669999778270721,383404.1718243672,189574.55797374656,6
