Echantillon,Latitude,Longitude,N,P,K,block,B2_2024_11,B3_2024_11,B4_2024_11,B5_2024_11,B6_2024_11,B7_2024_11,B8_2024_11,B8A_2024_11,B11_2024_11,B12_2024_11,NDVI_2024_11,SAVI_2024_11,EVI_2024_11,GNDVI_2024_11,NDRE_2024_11,NDMI_2024_11,MNDWI_2024_11,BSI_2024_11,SI_2024_11,VSSI_2024_11,B2_2025_01,B3_2025_01,B4_2025_01,B5_2025_01,B6_2025_01,B7_2025_01,B8_2025_01,B8A_2025_01,B11_2025_01,B12_2025_01,NDVI_2025_01,SAVI_2025_01,EVI_2025_01,GNDVI_2025_01,NDRE_2025_01,NDMI_2025_01,MNDWI_2025_01,BSI_2025_01,SI_2025_01,VSSI_2025_01
1,32.33640833,-6.428755,644.91,6.21,16.68,10,0.042561110109090805,0.06647222489118576,0.10206111520528793,0.11656667292118073,0.1262444406747818,0.13658888638019562,0.14118890464305878,0.1497611105442047,0.21235555410385132,0.19353333115577698,0.16085420795159938,0.07896627324494625,0.06819790132871152,0.35980098711613145,0.12463753149021617,-0.20129476646795202,-0.5232022763845918,0.26229504797357917,0.04109787777514917,-1.083305649459362,0.02636111155152321,0.05098889395594597,0.029688887298107147,0.08451111614704132,0.30284440517425537,0.3970166742801666,0.41780000925064087,0.4026888906955719,0.16286666691303253,0.09473888576030731,0.867308941246423,0.6144311400897227,0.6939353876361224,0.7824654380749759,0.6530742393816131,0.4390355988445156,-0.5231464263979723,-0.3951609500263305,0.015429806550835812,-2.135466694831848
2,32.35087667,-6.43830167,1267.11,22.11,40.53,10,0.07061111181974411,0.09898889064788818,0.1340666562318802,0.16528888046741486,0.18881110846996307,0.20847779512405396,0.21764445304870605,0.23453333973884583,0.33321109414100647,0.3009333610534668,0.23763194955698044,0.14719391805413004,0.1399999630082124,0.37474120899842844,0.17318812111673268,-0.20979482093280055,-0.5419301508434631,0.23694810229553423,0.10027433450015621,-1.5605777651071548,0.03457777574658394,0.0603611059486866,0.038261108100414276,0.09536111354827881,0.35753333568573,0.48197221755981445,0.4987555742263794,0.4952666461467743,0.20694443583488464,0.11347222328186035,0.8575049536137743,0.6660854265517738,0.7836928935327208,0.7840840437032612,0.6770855676134916,0.41350592860648505,-0.5483737013447636,-0.3700878760483963,0.023482445229994653,-2.564361199736595
3,32.35795,-6.42322,1008.65,10.44,16.11,10,0.03919999673962593,0.05797777697443962,0.08905556052923203,0.10737777501344681,0.14053334295749664,0.15471111238002777,0.15235555171966553,0.1761000007390976,0.24834445118904114,0.2110888957977295,0.26220827342430797,0.12806658170747082,0.11362909082209374,0.4487057514017521,0.2424254434083569,-0.23955302853265056,-0.6214588955377605,0.27572158034278293,0.05242275597898782,-1.0911000072956085,0.034744445234537125,0.06372222304344177,0.047066666185855865,0.11433333903551102,0.30381110310554504,0.35375556349754333,0.3914666473865509,0.37308889627456665,0.22224442660808563,0.15293332934379578,0.7853450804222326,0.5504332817283502,0.6092196446443594,0.7200185349731594,0.5308653113528579,0.27573597360931473,-0.554338078246108,-0.2255859020628304,0.03398858008927741,-2.0652221217751503
4,32.39102833,-6.42519667,971.28,9.43,14.57,10,0.05459999665617943,0.07206666469573975,0.10067778080701828,0.12193334102630615,0.13624998927116394,0.14703331887722015,0.15488888323307037,0.16703888773918152,0.2503722310066223,0.2157333344221115,0.21212117948774123,0.10762340043467516,0.10043143083233005,0.36492704817413274,0.1560895548665015,-0.23560944828639202,-0.5529902506628207,0.25254470968426496,0.05401363624176181,-1.1336999908089638,0.047744445502758026,0.07723333686590195,0.0778111144900322,0.12474445253610611,0.2164222151041031,0.23409999907016754,0.2589110732078552,0.2509666681289673,0.21711111068725586,0.16368888318538666,0.5378319718642267,0.3246596565392124,0.33103147204927963,0.5404752551488632,0.335955494299638,0.08781095471382233,-0.47521797849057223,-0.019504201465284577,0.03553867523553578,-1.5291442647576332
5,32.4102,-6.44531167,1137.82,18.44,26.02,10,0.04534444212913513,0.06778333336114883,0.10927777737379074,0.136211097240448,0.15026667714118958,0.16460555791854858,0.17222221195697784,0.18543888628482819,0.2864833474159241,0.25573888421058655,0.223603682931662,0.12081465535992345,0.10576723912331222,0.4351519379364491,0.15304769598243748,-0.24909472509131636,-0.6173315903085551,0.2905370937864228,0.07326493161306225,-1.2719332799315453,0.0355222225189209,0.0574222207069397,0.047744445502758026,0.1062222272157669,0.2641444504261017,0.3196333348751068,0.34031111001968384,0.3320000171661377,0.2156333327293396,0.14347776770591736,0.7539298422595998,0.4941695303254016,0.5376636054114056,0.7112526578667132,0.5152129822930567,0.22426301529263779,-0.5794099751936023,-0.17592865993050374,0.030938589222992974,-1.82543333619833
6,32.41094833,-6.472865,1073.92,12.01,21.42,10,0.043477777391672134,0.06586666405200958,0.10162778198719025,0.1269499957561493,0.1434166580438614,0.15940001606941223,0.16098888218402863,0.17578332126140594,0.2488444596529007,0.21743334829807281,0.2260370649293584,0.11675807057274896,0.10272416538933174,0.4193074372258857,0.1613080642231287,-0.2143690331799806,-0.5814150858901499,0.26310208471853525,0.054107084067754885,-1.1813499927520752,0.02943333238363266,0.04839999973773956,0.038644447922706604,0.08727777749300003,0.2505222260951996,0.32054445147514343,0.3411555588245392,0.3328889012336731,0.18465556204319,0.11745554953813553,0.79650106564282,0.5157611535266897,0.5592644345887929,0.7515116955736744,0.5845564048544926,0.297635387067217,-0.5846484017784618,-0.24800746520618594,0.021688820515056162,-1.8022000342607498
8,32.39708333,-6.421465,1016.43,9.22,23.02,10,0.04924444481730461,0.07028888911008835,0.10222222656011581,0.12862221896648407,0.13855555653572083,0.15362222492694855,0.1632888913154602,0.17466667294502258,0.25645557045936584,0.2045888900756836,0.22999663823480584,0.119658611082256,0.10848281423262116,0.39815431775138693,0.15181714548304714,-0.22196047215966574,-0.5697623183108412,0.2558501614356918,0.05246796051400793,-1.1869778111577034,0.026911111548542976,0.05367777869105339,0.030833333730697632,0.086366668343544,0.29821112751960754,0.3758222162723541,0.3976888656616211,0.39144447445869446,0.16635555028915405,0.09135555475950241,0.8560945771189019,0.5926442019981041,0.6641815953594921,0.762154427032984,0.638490353505483,0.41013315338365597,-0.5120941068711559,-0.3657368393102338,0.01519750358398797,-2.035255439579487
13,32.38977167,-6.53816667,1141.07,11.09,21.32,9,0.043877776712179184,0.06488333642482758,0.09594999998807907,0.11799999326467514,0.13502222299575806,0.14977777004241943,0.15878887474536896,0.16908890008926392,0.24303333461284637,0.2070111185312271,0.2466795638332125,0.12488864068281118,0.11178067922660358,0.41983551469990754,0.1779550091603458,-0.2096560560760825,-0.5785656132520877,0.25166931856431723,0.05031060243857932,-1.143927700817585,0.028149999678134918,0.0503888875246048,0.04173889011144638,0.08401666581630707,0.23927222192287445,0.28868889808654785,0.30410000681877136,0.3013666868209839,0.13671112060546875,0.08239444345235825,0.7586223477969309,0.4652678855149114,0.48823784057649655,0.7157096389392082,0.5639839369119167,0.3797292659367851,-0.46136947551323737,-0.3011552580669729,0.011264236696035823,-1.6284167096018791
14,32.38247333,-6.52784833,1343.88,25.72,40.95,9,0.061077781021595,0.09164999425411224,0.14356666803359985,0.1786055564880371,0.1958777755498886,0.21408887207508087,0.2088666558265686,0.2381499856710434,0.342588871717453,0.3177666664123535,0.18528323852143433,0.11490632633400036,0.10126017856516613,0.39005047191540393,0.1428761540438047,-0.24248957344564845,-0.5778821209934961,0.28595570600254083,0.10886332371562446,-1.5788666307926178,0.06461111456155777,0.09404443949460983,0.14426666498184204,0.17944443225860596,0.20265555381774902,0.21647778153419495,0.21988888084888458,0.2422444224357605,0.3264888823032379,0.29580000042915344,0.20766459971621584,0.13126493760046234,0.11809287825308971,0.4008636000017989,0.14892494627050565,-0.19510311079327483,-0.552737274806556,0.24661262460024477,0.0965754115254116,-1.6326888501644135
16,32.38646667,-6.549175,1544.06,21.88,27.19,9,0.0560888908803463,0.08543333411216736,0.13376666605472565,0.15617777407169342,0.18105000257492065,0.19717778265476227,0.19979999959468842,0.21871110796928406,0.2847944498062134,0.2571500241756439,0.19796142763079277,0.11882672903285595,0.10436862671810838,0.40095827368866144,0.1668049833602438,-0.1753929500042966,-0.538482317684494,0.24119241399143465,0.07323489965275698,-1.4969666600227356,0.03883333131670952,0.059227779507637024,0.07604999840259552,0.10676111280918121,0.1921388953924179,0.2341555505990982,0.24745556712150574,0.2433444708585739,0.21034443378448486,0.16368333995342255,0.529838081491375,0.3122120406250498,0.3033714911225265,0.613752879212351,0.39012047802381733,0.08106407423004261,-0.56057948952072,0.00018427941418448315,0.034429879462456014,-1.4990722686052322
17,32.37388167,-6.544635,1366.74,12.16,31.85,9,0.06055555120110512,0.09111110866069794,0.13963334262371063,0.16312222182750702,0.1803777813911438,0.19717778265476227,0.20134443044662476,0.21383333206176758,0.31317222118377686,0.2890166640281677,0.18098272824722186,0.1100702476314191,0.09733746080112805,0.37692334959862406,0.13452808846166556,-0.21734532821327862,-0.549271007684718,0.26711081662456293,0.09051199063282667,-1.522666648030281,0.05106111243367195,0.07742777466773987,0.1073666661977768,0.1411166787147522,0.21347223222255707,0.24149997532367706,0.25839999318122864,0.26027774810791016,0.2727999985218048,0.22923888266086578,0.41292261800720687,0.26167557738672553,0.24846865586724,0.5388840212164743,0.2968677717813357,-0.027108444161117438,-0.5578433186978732,0.10252713426528688,0.06253636685102437,-1.6739777475595474
18,32.36159667,-6.55020667,1555.76,31.5,74.64,9,0.07214999943971634,0.1044388860464096,0.1694222241640091,0.19030000269412994,0.19881665706634521,0.21480554342269897,0.22743333876132965,0.2346833348274231,0.35414445400238037,0.34078890085220337,0.1461768962579905,0.09702417590202847,0.08516809725753656,0.37060785190916634,0.10443546395888235,-0.21787474796971418,-0.5445151308481654,0.272105126938681,0.1206884992223749,-1.7754000425338745,0.06904444098472595,0.10092221945524216,0.1629333347082138,0.18078888952732086,0.19502222537994385,0.20816665887832642,0.2264222353696823,0.22913333773612976,0.34139999747276306,0.32988888025283813,0.1630614928295623,0.10708130043404523,0.09413076331067197,0.38338824342747396,0.1179356591946965,-0.20248901020488014,-0.5436710349844157,0.2611486038214755,0.11262406288461158,-1.7449334114789963
19,32.35679167,-6.56558833,1366.48,15.26,32.82,9,0.07535555213689804,0.10639999061822891,0.16308888792991638,0.17136666178703308,0.1885555535554886,0.19601112604141235,0.22153332829475403,0.2149333357810974,0.2956555187702179,0.2758333384990692,0.15195284553907695,0.09910067703408376,0.08937005296053015,0.3510876470468927,0.11277937912386664,-0.14331745696525974,-0.470719896287802,0.21419851244067184,0.08155164878806342,-1.7103110998868942,0.07442221790552139,0.10562222450971603,0.16431111097335815,0.16348889470100403,0.17755556106567383,0.19108889997005463,0.22773334383964539,0.21031111478805542,0.27283331751823425,0.2621666491031647,0.16177306406429126,0.10664642192005257,0.09577889664603331,0.3663089222365898,0.1252600823252834,-0.09009783725138429,-0.4418249278916469,0.18259011003179593,0.07152779661745523,-1.7489778250455856
20,32.33829667,-6.579595,929.47,1.14,26.47,7,0.05406666547060013,0.07660000026226044,0.11703332513570786,0.13537222146987915,0.14923332631587982,0.1628388911485672,0.16838888823986053,0.18005555868148804,0.265155553817749,0.25131112337112427,0.17992840261752455,0.09807889736802451,0.08763216506185935,0.37466551305301315,0.1416594855675261,-0.22319895255820427,-0.5517263750441312,0.2641772856074643,0.0666365400980311,-1.273911066353321,0.05415000021457672,0.07293333113193512,0.11252222955226898,0.12362221628427505,0.143344447016716,0.15552222728729248,0.1639999896287918,0.17483332753181458,0.23998335003852844,0.23093335330486298,0.18616138711318134,0.09943906073443563,0.08980715207576201,0.38435563989105187,0.17158706593672488,-0.18808538066006247,-0.5338482363672501,0.23544077497606575,0.05542015976173209,-1.2367444336414337
21,32.34080333,-6.599865,892.76,20.12,25.57,7,0.05290000140666962,0.07553333789110184,0.11817777156829834,0.13040000200271606,0.13876667618751526,0.15103334188461304,0.1626666635274887,0.17029999196529388,0.27129998803138733,0.25843334197998047,0.15841115664480043,0.08546303839714155,0.07540575627268332,0.3657990123915568,0.13269035793240563,-0.25032643375555313,-0.5644401357774816,0.28743524826640915,0.07011296258608013,-1.2531554996967316,0.037805553525686264,0.049561113119125366,0.07868333160877228,0.08768334239721298,0.09336666017770767,0.10581666976213455,0.11517778038978577,0.11873333901166916,0.18941667675971985,0.17943333089351654,0.1882504862194046,0.07889428046175614,0.06998051265966487,0.39830707536471316,0.15042387200541543,-0.24373029247135886,-0.585224104408502,0.2733821612492265,0.033987665237777076,-0.8701833337545395
27,32.32652167,-6.69255167,2083.98,32.9,67.83,5,0.09290555119514465,0.12338888645172119,0.17571109533309937,0.1956777721643448,0.2028055638074875,0.21747222542762756,0.2328111082315445,0.24115554988384247,0.35153886675834656,0.3195444345474243,0.13977211583712024,0.0942739968397189,0.0897637456992349,0.30719321478353395,0.10410784919556379,-0.203179196380862,-0.4803888134230015,0.23627337500005394,0.11233228839973819,-1.795833244919777,0.0663277730345726,0.08578888326883316,0.12744444608688354,0.14523889124393463,0.1555444449186325,0.16784998774528503,0.18148890137672424,0.18779444694519043,0.2893277704715729,0.2756333351135254,0.17493888425647613,0.1002142923010206,0.09326388616651723,0.3580545157419137,0.12778166836050334,-0.22904641087253005,-0.542601573752026,0.25422564865084907,0.0797483783160402,-1.3730889707803726
28,32.273185,-6.491075,1484.21,24.89,24.22,8,0.04524444416165352,0.06945555657148361,0.10615554451942444,0.1292000114917755,0.15913334488868713,0.1738000065088272,0.18193334341049194,0.18994444608688354,0.20509999990463257,0.18070000410079956,0.26303617321909983,0.1442308095920133,0.1280434173913445,0.4474254288858716,0.1903352320940783,-0.05985700414297693,-0.49405098399783354,0.15615258510101296,0.037061570823841095,-1.3015333265066147,0.03451111167669296,0.0555555522441864,0.0562666654586792,0.0988222137093544,0.22981111705303192,0.27382221817970276,0.2979111075401306,0.2856999933719635,0.17134444415569305,0.12143334001302719,0.6822687921751505,0.4243456977926797,0.438818089144809,0.6856532233002532,0.48599996498274706,0.2697179876877864,-0.510308035426924,-0.18715155691544874,0.020806928146501424,-1.6597777605056763
29,32.26172833,-6.53678167,835.18,9.63,18.68,8,0.03665555641055107,0.05864444002509117,0.1086222305893898,0.12818890810012817,0.1368333250284195,0.14792221784591675,0.15391111373901367,0.15833333134651184,0.196233332157135,0.19147777557373047,0.1725071651106716,0.08908898899925179,0.0739662571518959,0.44819658474533824,0.10520796989229728,-0.12087074004253427,-0.5398230313071432,0.23068987376317704,0.037574321934869204,-1.195377841591835,0.03684444725513458,0.056477777659893036,0.08696666359901428,0.1085222139954567,0.14711111783981323,0.15788888931274414,0.16553333401679993,0.1676555573940277,0.1578555703163147,0.14296667277812958,0.3111551320731966,0.15661130365457662,0.13920388479513826,0.49121665596857167,0.21411333318735443,0.02374158041252702,-0.4729912220411169,0.094911563298381,0.022568085667617588,-1.149544432759285
30,32.25919,-6.568015,1229.94,19.51,32.97,8,0.07314445078372955,0.10353332757949829,0.1567777842283249,0.17738889157772064,0.18664444983005524,0.19798888266086578,0.19902223348617554,0.20935554802417755,0.29809999465942383,0.28192222118377686,0.11873087980849226,0.07404378660332704,0.06637593754548164,0.3156078349865208,0.08265576202390021,-0.19930261687056836,-0.4844385558221782,0.25130663064676634,0.08404101262925678,-1.5719334334135056,0.06902221590280533,0.09795555472373962,0.15068890154361725,0.16930000483989716,0.17749999463558197,0.1882888674736023,0.19393333792686462,0.19998888671398163,0.2818000018596649,0.2654888927936554,0.12548359132077377,0.0767996052478299,0.06840741724095845,0.3288161533066481,0.08310263994633145,-0.18469730077679736,-0.48411259154659797,0.243776979694939,0.07481477048297247,-1.5272000879049301
31,32.28278167,-6.58785667,1097.45,9.56,16.93,7,0.05787777155637741,0.07925555855035782,0.11659999936819077,0.13926666975021362,0.15566664934158325,0.1675666719675064,0.16811111569404602,0.1848222315311432,0.22951112687587738,0.20811110734939575,0.1809241487943699,0.09846512048278394,0.08982651462833159,0.3592058512162033,0.14056501614294906,-0.1544179486302655,-0.4866314111299563,0.2099672014512793,0.047763814763146506,-1.2650444582104683,0.05707778036594391,0.0748777762055397,0.10818889737129211,0.13004444539546967,0.14746667444705963,0.160955548286438,0.16313332319259644,0.1728000044822693,0.21241110563278198,0.19118887186050415,0.20250617698988024,0.10685111427453026,0.09923617712151737,0.3708043315602765,0.14117993234771345,-0.13121691743131125,-0.4787283380702283,0.18562654879256682,0.040610639656573966,-1.2068555504083633
32,32.29627167,-6.60258333,1132.73,20.89,25.9,7,0.05419444665312767,0.07922778278589249,0.1312333196401596,0.15186665952205658,0.16576111316680908,0.17736667394638062,0.18134444952011108,0.18973888456821442,0.24971668422222137,0.24027779698371887,0.1603157187226,0.09250400106023764,0.08018878956834602,0.3918938922947237,0.1108653696945988,-0.158613777006317,-0.5182908302690274,0.23586979010468936,0.06000137475499434,-1.4044332802295685,0.05171110853552818,0.0718555599451065,0.11608889698982239,0.1379999816417694,0.15027779340744019,0.1598999947309494,0.16502220928668976,0.17194443941116333,0.23219998180866241,0.21611110866069794,0.17407107378626133,0.09396866573206498,0.0830097248538816,0.3933110703060706,0.10951788564079026,-0.16911888071411377,-0.527352405456415,0.23283255335851358,0.05018099549966393,-1.2618444114923477
33,32.29954,-6.62236667,1275.78,11.26,34.25,7,0.09770555794239044,0.11487778276205063,0.14542222023010254,0.16393333673477173,0.17001666128635406,0.1840166449546814,0.19447776675224304,0.20516109466552734,0.34389442205429077,0.32598888874053955,0.14432347236413684,0.08760962129263308,0.09191806533293534,0.2573090537986469,0.11169975570382569,-0.2775341262626162,-0.49919466870214346,0.25224993687402214,0.11210576048954835,-1.4697443693876266,0.09513888508081436,0.11219999194145203,0.14259999990463257,0.15717223286628723,0.16712221503257751,0.1783222109079361,0.1909000128507614,0.198627769947052,0.32243889570236206,0.30927780270576477,0.14482761905237745,0.08692263744506393,0.09058799937416523,0.2596503444584598,0.1165135936943758,-0.2562417934890404,-0.4837093717428504,0.23832417757123106,0.0997231931696998,-1.4431000798940659
34,32.29688667,-6.68024333,1087.86,12.09,28.38,5,0.05342777818441391,0.08081111311912537,0.13133332133293152,0.1456499844789505,0.15692776441574097,0.16928333044052124,0.17890000343322754,0.18462222814559937,0.2707666754722595,0.25575557351112366,0.15332550744773885,0.08806108187544164,0.07592730393060076,0.3776846029486176,0.11800037078187908,-0.20429948702968367,-0.5402945464043866,0.26759896192124344,0.06925008637310803,-1.3895443975925446,0.04587222635746002,0.06750000268220901,0.11376667022705078,0.12443888187408447,0.13367222249507904,0.14648887515068054,0.15886667370796204,0.15920555591583252,0.23594443500041962,0.22460000216960907,0.16542365165076073,0.0875577086497797,0.07529593061345441,0.40362244160288324,0.12257132270976127,-0.19522693104910177,-0.5551079896191011,0.26147029221145984,0.05299312061300143,-1.228166714310646
35,32.3178633,-6.69446833,1470.44,15.1,52.0,5,0.08106666803359985,0.10993333905935287,0.15333333611488342,0.17489999532699585,0.18254445493221283,0.19633334875106812,0.21177777647972107,0.2189222276210785,0.33275556564331055,0.30586665868759155,0.16007302486478275,0.10133572355154513,0.09588740730448791,0.3165710856248839,0.1117819910028414,-0.22216782625238768,-0.5033381765695717,0.24808856614212116,0.10177883302301893,-1.6056888848543167,0.06941112130880356,0.09494444727897644,0.12742222845554352,0.15377777814865112,0.183755561709404,0.1979222297668457,0.22413332760334015,0.21695555746555328,0.2856999933719635,0.26421108841896057,0.27509478148171623,0.17035488488042208,0.16468939450508782,0.4048821011338991,0.17041299790810757,-0.12075841871239175,-0.501138399041472,0.1692138283824683,0.0754851062100963,-1.5678888857364655
36,32.33753,-6.668915,1025.82,12.47,22.75,5,0.049211110919713974,0.0727444440126419,0.11738888174295425,0.13715554773807526,0.1463722139596939,0.16092222929000854,0.16527777910232544,0.17652779817581177,0.2520444393157959,0.22447779774665833,0.16941827184977204,0.0917802554173916,0.07978675794754302,0.3887592237815109,0.12551590903722745,-0.20791286966327965,-0.5520508981515501,0.2653511509428128,0.05657838067190113,-1.2678444162011147,0.041155558079481125,0.06043333560228348,0.09832222014665604,0.11656667292118073,0.12968890368938446,0.14178889989852905,0.1507333219051361,0.1571333259344101,0.20794445276260376,0.19884444773197174,0.21043941088908413,0.10495437016910061,0.09149983122444327,0.4276242610510401,0.14821575825587535,-0.15950564751596155,-0.5496398100208051,0.22960256496308915,0.04134859986850703,-1.1244110390543938
37,32.32432167,-6.56375667,2795.26,60.97,74.71,7,0.047111108899116516,0.07245555520057678,0.09424445033073425,0.12717777490615845,0.20921112596988678,0.2410111129283905,0.2525777816772461,0.26437777280807495,0.21915555000305176,0.17871111631393433,0.45652589793131454,0.28046027612738633,0.2702466788719204,0.5541653900880027,0.3503972765867975,0.07084984112590827,-0.5030672415475017,0.022363983328265613,0.03916553298743963,-1.5892000496387482,0.043211113661527634,0.0694444477558136,0.08663333207368851,0.1272333264350891,0.20338888466358185,0.2272888869047165,0.2483111023902893,0.24855555593967438,0.19781111180782318,0.16276665031909943,0.4827002726366795,0.29045843707023855,0.2799076596186797,0.5629064669030233,0.3228467761341255,0.11319765943518471,-0.48031428712385543,-0.012288510169731063,0.032197052064856235,-1.5358332768082619
38,32.32597833,-6.637005,963.92,7.38,24.53,7,0.05820000171661377,0.08307221531867981,0.12412222474813461,0.1389833241701126,0.14763888716697693,0.15921667218208313,0.1695111244916916,0.1775277853012085,0.28744444251060486,0.27268335223197937,0.1545767866847734,0.08578690610790035,0.07678746388314049,0.3422193597395893,0.12177917253425571,-0.2580848692455818,-0.5515871481667696,0.2875988226741262,0.07838131416424421,-1.3020223155617714,0.051722221076488495,0.07207778096199036,0.10864444077014923,0.12129999697208405,0.12706111371517181,0.1404889076948166,0.1509999930858612,0.15675555169582367,0.24441665410995483,0.24209444224834442,0.16312905893477306,0.0836356137713906,0.07483577675073554,0.35378787558259245,0.12751248722093672,-0.23624867958981924,-0.5445241795934402,0.2704990920045272,0.059171913552956035,-1.1540666073560715
39,32.329695,-6.61941667,988.83,9.18,20.76,7,0.05589999631047249,0.07663889229297638,0.11522221565246582,0.13305555284023285,0.13768887519836426,0.15096667408943176,0.15872222185134888,0.16645556688308716,0.25011110305786133,0.23785553872585297,0.15879134629074543,0.08430838977120109,0.07600614632504771,0.3487548463901455,0.11151510488890429,-0.2235357917637253,-0.5309019516518204,0.25986664615957183,0.05949031115914494,-1.2164444029331207,0.05324999988079071,0.0721166655421257,0.10700000077486038,0.11831111460924149,0.12774445116519928,0.13787777721881866,0.1490333378314972,0.15103334188461304,0.22051110863685608,0.21041111648082733,0.16417134237776068,0.08339580064178008,0.07550944033200571,0.34780316874615236,0.1214884003177164,-0.19342130911459585,-0.5071099043963511,0.2363704869744456,0.046397988564705894,-1.1359333619475365
40,32.294965,-6.58745167,600.0,3.01,14.0,7,0.04150000214576721,0.05935555696487427,0.09472222626209259,0.10580000281333923,0.11498888581991196,0.12316666543483734,0.12884443998336792,0.13332220911979675,0.20345555245876312,0.20341111719608307,0.1526265705961056,0.0707375325172176,0.0615512117183763,0.3692289254838575,0.11509682002714385,-0.22452938293057317,-0.5483025251923611,0.272843700106608,0.04138512122538329,-0.999122217297554,0.04081111028790474,0.056699998676776886,0.08723333477973938,0.09803333878517151,0.10530000180006027,0.1141333281993866,0.1242888867855072,0.12641111016273499,0.19475555419921875,0.20132222771644592,0.1751851486636946,0.07811889259955423,0.06905075694601075,0.37344220095422836,0.12643561194830147,-0.22086787337635266,-0.5490256762852151,0.2614444136068502,0.03920862203153774,-0.9442111104726791
41,32.333035,-6.5871167,1995.81,24.2,59.84,7,0.07481667399406433,0.10926666855812073,0.17187778651714325,0.19031666219234467,0.20133334398269653,0.21446667611598969,0.23466666042804718,0.23323334753513336,0.3253333270549774,0.30833330750465393,0.15444528692559836,0.10389265654180352,0.09207614868747965,0.364605523619853,0.10132613447247034,-0.16190476516354185,-0.4971621265087345,0.23271237255204097,0.1003111007723545,-1.8141888976097107,0.056888893246650696,0.07983333617448807,0.12768889963626862,0.14193332195281982,0.14986667037010193,0.16063334047794342,0.17782221734523773,0.17669999599456787,0.2530333399772644,0.24753332138061523,0.1640965410365323,0.09335684508644737,0.08260344682295971,0.380309601139407,0.10911185985382989,-0.17456226612197948,-0.5203284548780928,0.23724929553404803,0.06263418306460267,-1.3678889125585556
42,32.32781833,-6.556165,1075.76,11.86,22.1,7,0.06164444983005524,0.08745554834604263,0.13911111652851105,0.16438888013362885,0.17617779970169067,0.1902666687965393,0.1979333460330963,0.20756666362285614,0.27817779779434204,0.2418999969959259,0.17452364855070027,0.1054105823564705,0.09365006366910805,0.3871131619900066,0.11608318278329549,-0.16854142700299424,-0.5216215942553831,0.2330017355756208,0.06729120845078462,-1.5103112161159515,0.054911110550165176,0.08485554903745651,0.1184999942779541,0.15284444391727448,0.222922220826149,0.24157778918743134,0.25564447045326233,0.2580889165401459,0.24214445054531097,0.19985553622245789,0.3665548704757059,0.23533491609560955,0.22051629866535852,0.5015827052511472,0.25611080163851946,0.02711996854761273,-0.4810058141514982,0.07462583703497197,0.04839390900702556,-1.7010112255811691
43,32.313095,-6.55682833,1173.91,11.86,23.42,7,0.04774444177746773,0.06947222352027893,0.1135111153125763,0.13404999673366547,0.15324999392032623,0.16598333418369293,0.17402222752571106,0.18151666224002838,0.23399999737739563,0.22181667387485504,0.2104490262081292,0.11525438147491901,0.10105358317926494,0.4293732490696965,0.15041723834298532,-0.14699633020953992,-0.5421510174087449,0.22088415733642996,0.0519051011049787,-1.298722267150879,0.04658889025449753,0.06564445048570633,0.10591111332178116,0.1251000016927719,0.14329999685287476,0.1584666520357132,0.1679111123085022,0.16973334550857544,0.21953333914279938,0.2072666585445404,0.22642427442690347,0.12018264066314771,0.10660532515793866,0.4378686602940682,0.15138499117583726,-0.13323774932817148,-0.5396243806992684,0.2054738198773427,0.045501941643253385,-1.2378222271800041
44,32.30157333,-6.5539,1098.63,19.4,24.86,7,0.05035555362701416,0.07375556230545044,0.12557777762413025,0.1435222178697586,0.15666665136814117,0.1680888831615448,0.17311111092567444,0.18039999902248383,0.23756664991378784,0.22852222621440887,0.159139944486011,0.0892713057292898,0.07672056283712685,0.4024664282032819,0.11384764340244534,-0.15694918249142903,-0.5261786042005904,0.23810965157396907,0.054289259712597904,-1.3459333181381226,0.047644443809986115,0.0678444430232048,0.11699999868869781,0.13387778401374817,0.1445000022649765,0.15761110186576843,0.16935555636882782,0.16902223229408264,0.22343333065509796,0.21161110699176788,0.18283409060033168,0.0998700092027072,0.08645110519362927,0.4279557891140404,0.1160265641207208,-0.13767643621062955,-0.5341598335256814,0.22143155496148673,0.047280974438782986,-1.2960888892412186
45,32.29392833,-6.56303833,1130.45,15.95,23.75,7,0.04567777365446091,0.06657776981592178,0.11266665905714035,0.1309666633605957,0.14669999480247498,0.15791112184524536,0.1611444354057312,0.16981111466884613,0.2121666669845581,0.2030777633190155,0.17704825389431442,0.09397211418034963,0.081090322702813,0.4152720420149238,0.12914667909841873,-0.13667482996208707,-0.522302429843806,0.22196913032593682,0.04308633218207447,-1.2358999326825142,0.043655555695295334,0.06004444882273674,0.10444445163011551,0.11888888478279114,0.13517779111862183,0.1525222212076187,0.1613333374261856,0.1637333184480667,0.202266663312912,0.18796664476394653,0.21404680121698288,0.11143353844104678,0.09737356763543693,0.4575386259939317,0.15867271924836,-0.11257790344043568,-0.5421890547833098,0.19879269106818162,0.038019386050526904,-1.208800047636032
46,32.28679167,-6.56068,645.4,9.11,21.93,8,0.041544441133737564,0.06331666558980942,0.11067778617143631,0.13187776505947113,0.1463666558265686,0.15475556254386902,0.15407776832580566,0.16484445333480835,0.202266663312912,0.1963222175836563,0.1639247269915039,0.08512520484320171,0.07201828711176585,0.4174950604012772,0.11110286362320455,-0.13523122735570553,-0.5231879492361119,0.23069196088817315,0.03970943988483766,-1.197144441306591,0.02768888883292675,0.050261110067367554,0.034227777272462845,0.09058333188295364,0.2795833349227905,0.34630000591278076,0.3656666576862335,0.35084444284439087,0.16608887910842896,0.1007777750492096,0.8288159339331337,0.5524629348813284,0.6077581536490022,0.7583180814400365,0.5895893400287343,0.3753186650495619,-0.5353721945951782,-0.3251607349478798,0.01673806769696462,-1.8989499546587467
47,32.27520167,-6.53875833,1000.03,7.48,17.34,8,0.042116668075323105,0.060411110520362854,0.10183332860469818,0.11766111850738525,0.13314999639987946,0.14409443736076355,0.1509888768196106,0.15539444983005524,0.18451112508773804,0.17526665329933167,0.19442733654659744,0.0979425444561784,0.0849786976087522,0.42846627859591263,0.13818920234525356,-0.09991728160248306,-0.5066914963950256,0.19447055767597646,0.0323386473906222,-1.1432888060808182,0.03588888794183731,0.05766666680574417,0.05694444850087166,0.10260000079870224,0.2237333506345749,0.25581109523773193,0.2693333327770233,0.26384443044662476,0.15364444255828857,0.10625556111335754,0.6509449794385855,0.3855644356326714,0.3957065197880471,0.647298671541451,0.44002423139553304,0.27351056412718805,-0.45420127501672897,-0.18346508501926329,0.016325576455979984,-1.5160555727779865
48,32.24419167,-6.53956333,1524.73,20.44,25.35,8,0.057088885456323624,0.08290000259876251,0.12462222576141357,0.14566665887832642,0.16183334589004517,0.17653332650661469,0.18853333592414856,0.19456666707992554,0.2378999888896942,0.22406665980815887,0.20408741781447387,0.11789461913706127,0.10594640286125111,0.3891686021733884,0.14372492147895716,-0.11576640468080208,-0.4831670508736344,0.19222406085178936,0.05330545587891189,-1.3999778032302856,0.03860555589199066,0.05914444476366043,0.07891667634248734,0.10791666805744171,0.1795833259820938,0.20371666550636292,0.22431111335754395,0.2159833312034607,0.18656665086746216,0.15533334016799927,0.47948915460353814,0.27151906136618126,0.25810833222191204,0.582689819546841,0.3336420594596201,0.09186299596769869,-0.5185854764023792,0.004857414785683622,0.028980021043199855,-1.3978500589728355
49,32.24597,-6.521865,1642.68,30.09,45.97,8,0.0599166676402092,0.08811667561531067,0.1647888869047165,0.1853611022233963,0.20001667737960815,0.21428333222866058,0.22246667742729187,0.22532778978347778,0.23652222752571106,0.23678334057331085,0.14893986216344263,0.09751044598857966,0.08184381365782045,0.43257309209672734,0.09731621244359419,-0.030622853659688178,-0.457140379718426,0.17394870989054445,0.05600452315337856,-1.7600444704294205,0.05476666986942291,0.0814666599035263,0.15301111340522766,0.1687999963760376,0.18645554780960083,0.19885556399822235,0.21178887784481049,0.20855000615119934,0.21664999425411224,0.21886666119098663,0.16112326120691323,0.10195033250628556,0.08547724858706507,0.44439814674096517,0.10533989506718688,-0.01134611426395795,-0.45345783944578166,0.1620604536398133,0.047417460889443985,-1.6610666364431381
50,32.24385833,-6.552335,1029.42,21.31,31.02,8,0.06496666371822357,0.0897444486618042,0.12799999117851257,0.1460999995470047,0.16664443910121918,0.1844777762889862,0.19246666133403778,0.20064444839954376,0.26205554604530334,0.24727776646614075,0.20116498689933277,0.11785976302285928,0.10939781159821499,0.36399067460439943,0.15730446159484798,-0.1531033763111244,-0.48979846357632534,0.2048254722104879,0.06480051011614751,-1.4228443652391434,0.032322224229574203,0.05471111461520195,0.049577780067920685,0.09434445202350616,0.24459999799728394,0.30229997634887695,0.3452000021934509,0.3177444040775299,0.1965000033378601,0.13233333826065063,0.7488319623341286,0.4955792845767878,0.5278025744329928,0.7263836253665755,0.5421159737868148,0.27450617881245265,-0.5644212298944893,-0.2107832596772183,0.02600350140992802,-1.8644666820764542
51,32.24092833,-6.568115,2537.23,39.3,60.81,8,0.07508888840675354,0.11143333464860916,0.18532222509384155,0.20713333785533905,0.21879999339580536,0.22946664690971375,0.23793333768844604,0.2392222285270691,0.3188333213329315,0.3125,0.12430105377579011,0.08547651600829405,0.07361492115707903,0.3620837724203724,0.07189087135153482,-0.14530321129749266,-0.48202663004216995,0.23389441872336267,0.0996354129165411,-1.8934111446142197,0.08112777769565582,0.11742222309112549,0.19457778334617615,0.2146499902009964,0.2280944436788559,0.2432333379983902,0.2573222219944,0.25423333048820496,0.3317388892173767,0.3259277939796448,0.13884584591250546,0.0988724208890641,0.08636153437042865,0.3733210735065732,0.08442044844889218,-0.12633097938439827,-0.4771487552597853,0.21724550527215064,0.10812292433987736,-2.02465558052063
52,32.24533667,-6.57375167,1324.06,21.06,29.26,8,0.06913332641124725,0.09632222354412079,0.14028888940811157,0.15690000355243683,0.17746667563915253,0.19280000030994415,0.1995111107826233,0.204599991440773,0.2730666697025299,0.264933317899704,0.17428552432896957,0.1057791522286161,0.09722941276046111,0.3488075038079522,0.13195017542747675,-0.1556475183592978,-0.4784779643114884,0.21218639661102173,0.07234445881211382,-1.5063555538654327,0.026955556124448776,0.049077779054641724,0.035955555737018585,0.08193333446979523,0.267300009727478,0.34146666526794434,0.35217776894569397,0.34626665711402893,0.15266667306423187,0.08810000121593475,0.8147257457278421,0.5340789571008042,0.5788458764664507,0.7553789365559619,0.6173127679176407,0.3951932097973781,-0.513465884232032,-0.3355512678551361,0.013449934082591541,-1.8425110653042793
53,32.2546,-6.575145,1113.27,11.69,25.32,8,0.0565333291888237,0.08390000462532043,0.13275554776191711,0.154733344912529,0.16396667063236237,0.17749999463558197,0.18142223358154297,0.19143334031105042,0.2569666802883148,0.2235555648803711,0.1549017421175355,0.08966104259070144,0.07829484855742769,0.36756145752330815,0.10601827633644076,-0.17232289445365728,-0.5077254035521792,0.2417907201076231,0.05744633136728794,-1.4030888974666595,0.047466669231653214,0.07057777792215347,0.08950000256299973,0.13262221217155457,0.21155554056167603,0.22939999401569366,0.24275554716587067,0.24671109020709991,0.20921111106872559,0.17507776618003845,0.46125804148846755,0.2762172231584362,0.26910438614861637,0.5495035315692771,0.3007615651443623,0.0742188287825311,-0.4954926307155779,0.0144140207166842,0.03662821398595639,-1.520122192800045
54,32.25632,-6.59766,919.96,8.89,15.19,6,0.04491666331887245,0.06617777049541473,0.09958333522081375,0.12604999542236328,0.14721666276454926,0.1614166498184204,0.16046667098999023,0.17517222464084625,0.21698333323001862,0.18870000541210175,0.2341216461487067,0.12015657247220025,0.10710662698814823,0.4160212333494449,0.16307637944205644,-0.14973284265047454,-0.5325786635874027,0.21301529522195065,0.04094475615484039,-1.1678944900631905,0.034833330661058426,0.05113333463668823,0.06840000301599503,0.09832222014665604,0.16713333129882812,0.1934666633605957,0.18528889119625092,0.206377774477005,0.17446666955947876,0.1342555433511734,0.4607568182377952,0.2326335622254881,0.21898508356348825,0.5674405421041897,0.35462932682089626,0.03008215240358211,-0.5466903017823423,0.04912526184219571,0.023423117518377445,-1.1661778017878532
55,32.26731167,-6.62849667,1365.71,13.49,32.74,6,0.08285555243492126,0.11407777667045593,0.15783333778381348,0.178849995136261,0.20447777211666107,0.21976667642593384,0.2237444519996643,0.23120556771755219,0.2758833169937134,0.25409996509552,0.17273309874906054,0.11214741622297296,0.106354369792087,0.3246283568618225,0.12767921520010447,-0.10435541842428042,-0.4149273928533891,0.17170578101878778,0.07010194121853885,-1.679733395576477,0.07658889144659042,0.10403333604335785,0.1408444494009018,0.16017776727676392,0.20589999854564667,0.22739998996257782,0.24435554444789886,0.23936666548252106,0.2437777817249298,0.2204333245754242,0.26872039571970247,0.1754028961245298,0.1708097615634351,0.40277464597578605,0.19819797628182292,0.0011836166285046385,-0.40178257146135093,0.09025057179927375,0.053736746883248365,-1.7179332971572876
56,32.28724833,-6.68237667,1295.71,25.27,44.84,5,0.08144444227218628,0.11198888719081879,0.16726666688919067,0.1963222175836563,0.20266668498516083,0.21549999713897705,0.22199998795986176,0.22963333129882812,0.30036666989326477,0.28556668758392334,0.1406062406020598,0.09232324315583675,0.0847387458682868,0.3293855233651883,0.07820326258071274,-0.15002236571809482,-0.45683337840212596,0.2129343022989597,0.08577471498203337,-1.7223554998636246,0.08139444142580032,0.11239443719387054,0.16953334212303162,0.1913222372531891,0.19999998807907104,0.21196110546588898,0.22344443202018738,0.22671110928058624,0.29987776279449463,0.29091110825538635,0.13718610391518476,0.09055839595036098,0.08267627764675534,0.3306645081182398,0.08465561954848083,-0.14605405882951256,-0.45475616631720234,0.2125569723706394,0.0872377723156923,-1.7400999963283539
57,32.29880156,-6.724309916,1499.06,29.48,48.26,5,0.06750555336475372,0.10119999945163727,0.17132222652435303,0.19365555047988892,0.20331111550331116,0.2165333330631256,0.22812220454216003,0.23222221434116364,0.3269388973712921,0.3183499872684479,0.1421974458974284,0.09472510372395652,0.08115377391931917,0.3854043340105575,0.09055805904053664,-0.17802849508000937,-0.5272562223790663,0.25524147066199254,0.10408099381571123,-1.7948221564292908,0.05677221715450287,0.08568888902664185,0.14742223918437958,0.16469444334506989,0.17471110820770264,0.1870555579662323,0.20331111550331116,0.20243889093399048,0.28795555233955383,0.2883944809436798,0.15934862029118674,0.09854240934184728,0.08406602999941272,0.4069973156608764,0.10280855471822192,-0.1722983507829162,-0.5413345961524502,0.25205500712970696,0.08304479205181625,-1.58228899538517
61,32.30633819,-6.775313248,1857.42,59.47,73.63,3,0.06796666234731674,0.10702221840620041,0.17977778613567352,0.198177769780159,0.20911110937595367,0.22265556454658508,0.2413555532693863,0.24352222681045532,0.34583330154418945,0.32297778129577637,0.14621916914601266,0.10027500552767614,0.08503937094077363,0.3855967441076632,0.10265894787783862,-0.1779286974546625,-0.527344974478407,0.2590492808828413,0.1116964724309355,-1.8916222602128983,0.064811110496521,0.1013222187757492,0.17184443771839142,0.1889389008283615,0.19922222197055817,0.21238888800144196,0.23073333501815796,0.22860556840896606,0.32046666741371155,0.3032222092151642,0.14627955426646075,0.09786784986054953,0.08290863561573594,0.38972730428415436,0.09499986326739872,-0.16279632045874068,-0.5195595599926893,0.24974966439741497,0.09717261087300688,-1.8102444261312485
70,32.26665986,-6.885983248,1857.57,55.25,52.09,2,0.06167222559452057,0.10365554690361023,0.18262222409248352,0.2105555534362793,0.22111666202545166,0.23467779159545898,0.24226665496826172,0.25033336877822876,0.3426055610179901,0.33535557985305786,0.1403765400197129,0.09673231924306798,0.07950647401119927,0.4007002352375526,0.08630672888494648,-0.1715569711393677,-0.5354488870692939,0.2668810909096677,0.11489468657607027,-1.9171333014965057,0.062049999833106995,0.0983777791261673,0.1768999844789505,0.19726112484931946,0.20944999158382416,0.22002777457237244,0.2354777604341507,0.23367221653461456,0.31012222170829773,0.3027777671813965,0.14204882910326608,0.0963051372336675,0.07995862763507562,0.4106566003903518,0.08449355875752856,-0.1368117001108089,-0.5183462463433105,0.24153266685461797,0.09389811384217239,-1.8651331663131714
71,32.2623732,-6.910013253,1608.03,35.43,36.0,2,0.06344444304704666,0.09861110895872116,0.16763333976268768,0.19140556454658508,0.2002277821302414,0.21755555272102356,0.22505556046962738,0.23408333957195282,0.32304996252059937,0.3052000105381012,0.14622827517340162,0.09648751209743288,0.08179699694681843,0.3906625644944117,0.10030290922269298,-0.1787874738746828,-0.5322731174642291,0.25948104509189557,0.09859485196562012,-1.766222283244133,0.054455555975437164,0.0871555507183075,0.1402222216129303,0.1546444445848465,0.18285000324249268,0.19814445078372955,0.21466666460037231,0.21016110479831696,0.26301109790802,0.23742777109146118,0.2097683124766256,0.13062126117440387,0.11296005774357891,0.422470934834803,0.15218151191822618,-0.10120720912895988,-0.5022052996119785,0.19946455520597947,0.06244613874861926,-1.600133329629898
72,32.2541782,-6.906188251,2893.5,149.93,112.42,2,0.08145000040531158,0.12907777726650238,0.2250777930021286,0.2555055618286133,0.26729443669319153,0.28100553154945374,0.2851777970790863,0.29409998655319214,0.3831944465637207,0.3685111105442047,0.11778411668083394,0.08923485007213804,0.07420598064610465,0.3768205646534968,0.07022204336908487,-0.14664979024827202,-0.4960578711473914,0.24786586588377676,0.14121141105756863,-2.2931223958730698,0.05524444207549095,0.08759444206953049,0.15176665782928467,0.1738000065088272,0.18389999866485596,0.193472221493721,0.20304444432258606,0.2063777893781662,0.28148892521858215,0.2750833332538605,0.14452136936468085,0.08998090870172931,0.07543908120414247,0.3972283381930779,0.08569091392526172,-0.16189696244942345,-0.5253406135539935,0.2530085976061123,0.07743291182317424,-1.5988666266202927
73,32.25023486,-6.894553248,1030.11,10.92,22.86,2,0.051133330911397934,0.07917222380638123,0.1377333253622055,0.15841667354106903,0.16566666960716248,0.1776999831199646,0.18131110072135925,0.19058331847190857,0.25349998474121094,0.2374333292245865,0.136588423617065,0.07980844622958394,0.06707529602469979,0.3921129181994439,0.09216803889633149,-0.16602355889116896,-0.5240226142481262,0.2546008420535053,0.06018934533548759,-1.4368776828050613,0.0490555576980114,0.07661110907793045,0.1331888884305954,0.14840000867843628,0.15833333134651184,0.16848333179950714,0.1813666671514511,0.18320001661777496,0.24664998054504395,0.23526668548583984,0.1531614295558926,0.08871913964130403,0.07469037145664868,0.40606427111113913,0.10494573335242312,-0.1525251730099989,-0.5260109440929687,0.24484052054637204,0.05802852339797937,-1.4195555597543716
74,32.2437832,-6.913399919,2754.11,51.15,77.06,2,0.0686444416642189,0.10928889364004135,0.18582221865653992,0.2089444398880005,0.21880000829696655,0.2364666759967804,0.24842222034931183,0.2553333044052124,0.3685888946056366,0.3514000177383423,0.1441584414803983,0.10050903020528412,0.08466222507635167,0.38895444082975056,0.0999161923815995,-0.19475609296008023,-0.5426073502493094,0.2723471070747738,0.12952214410257668,-1.952644407749176,0.06949999928474426,0.10653333365917206,0.18213333189487457,0.2001333236694336,0.21026666462421417,0.2250833511352539,0.24464446306228638,0.24321110546588898,0.3437555730342865,0.32625553011894226,0.1464723136010725,0.10117494966034651,0.08604685862552802,0.39327978676106135,0.09716549677483644,-0.1684417126502207,-0.5268223030193036,0.25206670422705363,0.11215215671164191,-1.9208223074674606
75,32.24485154,-6.949998252,1643.25,33.61,75.02,1,0.06516667455434799,0.10620000213384628,0.18380001187324524,0.21043333411216736,0.21956665813922882,0.23403334617614746,0.23884445428848267,0.2522999942302704,0.35733333230018616,0.3436333239078522,0.13023817106820015,0.08948914414058085,0.07426818339398547,0.3844271348265179,0.0904768631591703,-0.19874755564267108,-0.5417805171038875,0.28057003579962836,0.12279164072138204,-1.900822326540947,0.06108333170413971,0.10054999589920044,0.17306667566299438,0.19616664946079254,0.20864999294281006,0.21743333339691162,0.2318333238363266,0.23416668176651,0.3291666805744171,0.31368333101272583,0.14513867152596055,0.09741404830232235,0.08107496286722407,0.3949756794252216,0.08830371588702733,-0.1734997429578037,-0.5320172491775178,0.26324177492708795,0.10325410082098507,-1.823400005698204
79,32.25592487,-6.958618248,1829.85,29.47,53.52,1,0.0731888934969902,0.1110222116112709,0.1855333298444748,0.21203887462615967,0.2233000099658966,0.23951666057109833,0.24155555665493011,0.2586333155632019,0.35695552825927734,0.33567219972610474,0.13117228860358343,0.09064216111249536,0.07755706896476997,0.3702256818838307,0.09899552556801956,-0.19281175289857377,-0.5255235349239321,0.2656737733973265,0.11982004737518537,-1.9134000092744827,0.05502777919173241,0.08739999681711197,0.14660000801086426,0.1609666645526886,0.17276667058467865,0.18676111102104187,0.20117777585983276,0.20284444093704224,0.28593334555625916,0.27203333377838135,0.15693287559830882,0.0965661678461004,0.08179780354441984,0.39427076310489534,0.11510857045683871,-0.17399637535689014,-0.5317857412499952,0.2560154451171923,0.0777834012300751,-1.5640889257192612
80,32.2602782,-6.947141586,1716.8,29.21,38.95,1,0.05844999849796295,0.09346111118793488,0.16030000150203705,0.17835001647472382,0.19678334891796112,0.21413332223892212,0.2258555293083191,0.2325500100851059,0.3117166757583618,0.2888999879360199,0.16976456998802453,0.1109661772572823,0.09368927102888636,0.41461797136538336,0.1319055487346985,-0.15972021150102475,-0.5386661635048836,0.24818939328824538,0.09005494386604695,-1.743855431675911,0.053805556148290634,0.08932222425937653,0.15067777037620544,0.1602500081062317,0.18361665308475494,0.20096665620803833,0.22012223303318024,0.21416667103767395,0.28243333101272583,0.26083335280418396,0.18728279889744523,0.11962183460912404,0.10089875381707158,0.4226930076419142,0.14400176538801526,-0.12398847473483608,-0.5194572172365967,0.22514081489053422,0.07366803267170319,-1.6753555685281754
85,32.2738082,-6.942203251,1633.64,28.26,48.75,2,0.06669444590806961,0.10778333246707916,0.18258889019489288,0.21366111934185028,0.22282777726650238,0.2359277606010437,0.2361888885498047,0.2524110972881317,0.34272223711013794,0.3187222182750702,0.1279915051548063,0.08750755557259575,0.07316351623366589,0.373302109483779,0.08314157437516542,-0.18402366728548278,-0.5215005540154358,0.2685695242457,0.10923319166393775,-1.8783222287893295,0.07045555859804153,0.1077222228050232,0.18184444308280945,0.20635001361370087,0.21484443545341492,0.22701112926006317,0.23489999771118164,0.2402111142873764,0.32795000076293945,0.3098333179950714,0.1273095674653271,0.08681081488056941,0.07378870630937522,0.37118951112790965,0.07582635048644479,-0.16531936242106385,-0.5054895986915545,0.25079910108183745,0.10160983687286773,-1.868277758359909
87,32.28434652,-6.713131575,1333.66,24.98,32.78,5,0.052283331751823425,0.08114443719387054,0.14837777614593506,0.16920000314712524,0.1796722114086151,0.1903611123561859,0.1947222352027893,0.19875556230545044,0.25768887996673584,0.2500722110271454,0.13507565546150455,0.08245366818827828,0.06844091091581392,0.41171264586066497,0.08032371800559372,-0.139180145035057,-0.5210362538467469,0.2435581904975807,0.0644408279703903,-1.5532111823558807,0.046400003135204315,0.06952222436666489,0.13371111452579498,0.15138888359069824,0.1614111065864563,0.17326666414737701,0.17988888919353485,0.1811777949333191,0.2290000170469284,0.2253333479166031,0.14725055476025486,0.0851360148536884,0.07064470482575747,0.4425090077540672,0.08957274789301178,-0.1201087312073052,-0.5342241549268278,0.23161669520609468,0.05160134051414356,-1.4289555698633194
88,32.27109319,-6.699269916,1141.67,20.54,26.77,5,0.055122219026088715,0.08070555329322815,0.14393334090709686,0.16200000047683716,0.17538334429264069,0.1884777694940567,0.1945444494485855,0.19732779264450073,0.23630553483963013,0.22671668231487274,0.14952564048228797,0.09054105390201106,0.07692930546827138,0.41358363163598355,0.09831633607428117,-0.09692720625975809,-0.4908345066793248,0.20728855026376825,0.053574406871482516,-1.5309778451919556,0.04993889108300209,0.07335555553436279,0.13048888742923737,0.14695554971694946,0.16279444098472595,0.17721666395664215,0.18372221291065216,0.18612222373485565,0.214388906955719,0.2095777839422226,0.16941898378005127,0.0980703753471171,0.08358906829357148,0.4293123346081277,0.11759017569505656,-0.07703048831775872,-0.4901340227740557,0.19223718666239428,0.04493115202157494,-1.424344390630722
89,32.24628651,-6.691956575,1942.04,45.92,49.24,4,0.07083334028720856,0.10604444891214371,0.19122223556041718,0.2150111049413681,0.22146667540073395,0.23537778854370117,0.24164444208145142,0.2405555546283722,0.2840999960899353,0.27454444766044617,0.11648437962292531,0.08107622621138078,0.06785467498486655,0.3900038117174178,0.05607181538494875,-0.08075321552691471,-0.4563836522661731,0.20670785247162313,0.0779980765068462,-1.9522444903850555,0.0698888823390007,0.10344444215297699,0.18371111154556274,0.20643332600593567,0.2172333300113678,0.22891110181808472,0.23817777633666992,0.23724444210529327,0.2759111523628235,0.28147777915000916,0.12910191812686292,0.08862239068131342,0.0749701724447326,0.39439277218259544,0.06944480486610392,-0.07339853835835429,-0.4546307270763932,0.1974179912941277,0.07766285840980736,-1.9025555551052094
90,32.22988651,-6.715299908,2211.08,56.43,49.18,4,0.07574444264173508,0.1148444414138794,0.18715554475784302,0.210466668009758,0.22946667671203613,0.2441222071647644,0.24628888070583344,0.26001107692718506,0.3065110743045807,0.3010111153125763,0.1364265689847229,0.09502440799078643,0.08207770409122185,0.36397759740488206,0.10530659387249185,-0.10894030099671849,-0.4548810334403868,0.2104122932721448,0.09226324033207778,-1.9375332444906235,0.07148332893848419,0.10689999908208847,0.1862444430589676,0.2042444497346878,0.22155000269412994,0.23469442129135132,0.2546333074569702,0.24889999628067017,0.3045499920845032,0.2939777672290802,0.15511979037919393,0.10902935747045944,0.09312336012709792,0.4086298697635796,0.09854594233716582,-0.08926712328354082,-0.48037427819998196,0.20158595504918878,0.08953092668263629,-1.990588754415512
91,32.22640485,-6.742993239,1904.06,35.98,47.58,4,0.08068889379501343,0.11224444955587387,0.1721777617931366,0.18834443390369415,0.20096665620803833,0.21452222764492035,0.23159998655319214,0.2319333255290985,0.2682444155216217,0.23675554990768433,0.1471656743251789,0.09862307110699887,0.08951827356630748,0.3471207444878894,0.10371448534539987,-0.07331167207837043,-0.40999876704401317,0.17022906132687243,0.06350835410648692,-1.794399842619896,0.036577776074409485,0.055222220718860626,0.101133331656456,0.10931111127138138,0.12801110744476318,0.14301110804080963,0.15142223238945007,0.15478889644145966,0.17934444546699524,0.16667777299880981,0.1991201450019652,0.1002362545749375,0.08472484138301223,0.465533963085054,0.17219910514856057,-0.08441664430673675,-0.5291554262046447,0.1974005413004923,0.02989273277014526,-1.152333378791809
92,32.24609651,-6.751459913,2377.21,38.98,69.87,4,0.06283333897590637,0.09841111302375793,0.16828888654708862,0.1922111213207245,0.21471111476421356,0.22933334112167358,0.24115554988384247,0.24388891458511353,0.2895110845565796,0.2754777669906616,0.17796471676097853,0.12018325763151963,0.10236158910098792,0.42037235109429577,0.1184998598740023,-0.09112224406685164,-0.49262448045557106,0.20190775965061764,0.07975386709269117,-1.8503999561071396,0.05951111018657684,0.09284444153308868,0.16086667776107788,0.18368889391422272,0.20347778499126434,0.2167777717113495,0.23260000348091125,0.22734443843364716,0.26971110701560974,0.2557777762413025,0.18231105442294113,0.12042977185246304,0.10239036222067115,0.4294298571062742,0.10620925598381442,-0.07388071393470562,-0.4878332870719562,0.1915992776638676,0.06898610718003262,-1.7816445231437683
93,32.23059652,-6.764231571,1266.88,24.16,28.98,4,0.053199999034404755,0.08276667445898056,0.14982222020626068,0.16893333196640015,0.17703333497047424,0.18773332238197327,0.1973777711391449,0.2019999921321869,0.2582000195980072,0.2536666691303253,0.13696875570657974,0.08419892248351493,0.07004542500129807,0.40911429111631453,0.08914448481273084,-0.1335057361486883,-0.514517539930712,0.2390593182605051,0.0654967389408112,-1.5704666078090668,0.047083333134651184,0.07160555571317673,0.13437777757644653,0.1501999944448471,0.15780000388622284,0.17145000398159027,0.1811777949333191,0.17971666157245636,0.2330000102519989,0.2286333292722702,0.14830990572069302,0.08607632441193117,0.0715894573374546,0.4334630366535109,0.08946704114445837,-0.1251206958575967,-0.529847356851734,0.23355871454025254,0.0532715680643876,-1.4345667511224747
94,32.21925651,-6.777921572,1961.77,40.36,93.33,4,0.06504999101161957,0.10592222213745117,0.1914111077785492,0.21566666662693024,0.22918333113193512,0.24238331615924835,0.2548333406448364,0.25778332352638245,0.3453333079814911,0.3314500153064728,0.1421244184622088,0.10053781499901025,0.08277827512711128,0.4127756671197222,0.08895692826365263,-0.15079139667790814,-0.5305443797007682,0.2531567352382163,0.1144607302163001,-2.0193777978420258,0.05966666713356972,0.09717777371406555,0.18015556037425995,0.19680000841617584,0.20763333141803741,0.22279998660087585,0.2407333254814148,0.23399999737739563,0.3144666850566864,0.3116999864578247,0.14392816488862847,0.09867275960910363,0.08080626661576565,0.4248323055510839,0.08635094794472713,-0.13280503970272625,-0.5278557895899553,0.24429788662143453,0.09801926147360618,-1.9100888818502426
95,32.20955818,-6.796341573,1623.19,23.01,36.87,3,0.050450000911951065,0.07722777873277664,0.12390556931495667,0.1431722342967987,0.18594445288181305,0.21232222020626068,0.2238110899925232,0.23332221806049347,0.22942222654819489,0.20176111161708832,0.2873187628951164,0.17677873776690037,0.1571959193907435,0.48692486586036177,0.23944571549409435,-0.012380238474342945,-0.4963132062549784,0.1259848708282944,0.04628848345803127,-1.584127739071846,0.03301110863685608,0.05631111189723015,0.07655555754899979,0.10546667128801346,0.17065554857254028,0.1972889006137848,0.214555561542511,0.21511666476726532,0.18183332681655884,0.14834445714950562,0.4740458006211885,0.26165730830326295,0.2418836551607963,0.584215278504056,0.34203272848315475,0.08255083733265448,-0.5270843823613351,0.02138965382944711,0.026973966158291063,-1.3429333716630936
96,32.21758818,-6.817698244,801.84,10.1,19.15,3,0.042855553328990936,0.06581111252307892,0.1127111092209816,0.1366555392742157,0.1499222218990326,0.16226667165756226,0.163466677069664,0.17624443769454956,0.21431110799312592,0.20933334529399872,0.18377860271314272,0.09808751695518751,0.08357210395579846,0.42592683876672033,0.12652253502007518,-0.1345881965516393,-0.530125723929604,0.22630775876526923,0.044862461169864476,-1.2492667064070702,0.03738333657383919,0.056111112236976624,0.0969555601477623,0.11872777342796326,0.1328222155570984,0.14629444479942322,0.14757779240608215,0.15436667203903198,0.18834444880485535,0.18032222986221313,0.20701565460342494,0.10198783993627512,0.08734379529490804,0.4490508694145095,0.13050026857787403,-0.1213574192957856,-0.5409299566080258,0.21336842801950162,0.03396269099066096,-1.110444538295269
97,32.24169319,-6.843028239,1249.25,16.61,19.71,3,0.05490000173449516,0.07935556024312973,0.12844443321228027,0.14840000867843628,0.16707777976989746,0.1837666630744934,0.18968889117240906,0.20108889043331146,0.2463555634021759,0.21523334085941315,0.19251192211966947,0.11228816160163782,0.09887033665520115,0.4100933133490879,0.1507598145120721,-0.1299561810850134,-0.5127242839522493,0.21022511979178204,0.05302393095035329,-1.4319555014371872,0.04107777774333954,0.061861105263233185,0.10196666419506073,0.11944445222616196,0.15067777037620544,0.16493889689445496,0.16935555636882782,0.17978888750076294,0.20301666855812073,0.18691666424274445,0.24837218192207286,0.1310520241291012,0.11436793761119844,0.4649078915071635,0.20166347482538802,-0.09039640941399452,-0.5329082947411858,0.18344381261980264,0.037947198472558785,-1.2328888922929764
98,32.25230486,-6.829213246,1723.68,32.06,44.0,3,0.06515555083751678,0.09822221845388412,0.16555555164813995,0.1897222399711609,0.20427778363227844,0.21711111068725586,0.22611111402511597,0.2330888956785202,0.3100999891757965,0.2818666696548462,0.15460994649180573,0.10186917046728443,0.08746871296064625,0.39431314135804785,0.10256743956886506,-0.15663397212902705,-0.518898473421196,0.2404270920227258,0.08740685120898561,-1.7618888914585114,0.06522777676582336,0.09527778625488281,0.15958888828754425,0.17791110277175903,0.19314999878406525,0.20595556497573853,0.219200000166893,0.21979443728923798,0.28928887844085693,0.27069443464279175,0.15737291546540752,0.10174988440771476,0.08831144980489967,0.3940571285748917,0.10531242387456502,-0.13783758324868525,-0.5044927433712395,0.224258484056168,0.07830888939799507,-1.7033888697624207
99,32.26071319,-6.828593244,1182.55,21.72,27.07,3,0.05447777733206749,0.08281110972166061,0.14311112463474274,0.1674666702747345,0.1822555512189865,0.19349998235702515,0.19262222945690155,0.20660001039505005,0.27756667137145996,0.25358888506889343,0.14747150996851024,0.08886405797930418,0.07534993397066406,0.3986849219635171,0.10461594693659819,-0.1806602443916608,-0.5404205567797048,0.2599334512628925,0.07038782272537247,-1.5130445510149002,0.04812221974134445,0.0736222118139267,0.12627775967121124,0.1482388824224472,0.16146111488342285,0.171016663312912,0.1758444458246231,0.18595001101493835,0.24522775411605835,0.23544444143772125,0.16406171108145698,0.09269164813129453,0.07879763457572447,0.40976311050369807,0.11284375160335196,-0.16477769878047496,-0.5382015370878611,0.24776782709442655,0.05773751159288221,-1.3633666038513184
100,32.26651486,-6.867879914,1239.45,21.46,28.76,2,0.056461114436388016,0.08574999868869781,0.14669999480247498,0.1655000001192093,0.1760166734457016,0.19001667201519012,0.19878889620304108,0.20576666295528412,0.27586668729782104,0.2624000310897827,0.15076867189042492,0.09241203868205455,0.07865892713596173,0.3972704580865183,0.10845752321031293,-0.1623867781432159,-0.5257409169732558,0.24684648962793895,0.07238742732358361,-1.5559444576501846,0.050611112266778946,0.07648888975381851,0.13026666641235352,0.1422666758298874,0.15619999170303345,0.16583333909511566,0.18193334341049194,0.1799333393573761,0.24673332273960114,0.23466666042804718,0.16549223320641115,0.09541986525475628,0.08154720319759097,0.4080316618175724,0.11690459849510604,-0.15116635907316806,-0.5267101884668225,0.23698933599200656,0.05790008486361775,-1.4080222696065903
101,32.24024486,-6.900046577,2605.35,50.85,89.35,2,0.06918888539075851,0.11493333429098129,0.1998777836561203,0.22341111302375793,0.23517221212387085,0.24950554966926575,0.26278889179229736,0.26508334279060364,0.35455000400543213,0.3388277590274811,0.13597501471059797,0.09802631025978838,0.08094005324399248,0.3914399177486515,0.08530747726106143,-0.14863977094124398,-0.5103837552010897,0.25095737103877036,0.12013138332034501,-2.0834667086601257,0.06881110370159149,0.1111111119389534,0.19393332302570343,0.21369999647140503,0.22538886964321136,0.23757778108119965,0.2585333585739136,0.25130000710487366,0.3317111134529114,0.3200555741786957,0.1427730218213084,0.10173589816241839,0.08473024698382242,0.3988217273522202,0.08086023712565515,-0.12397872106067494,-0.49816831307546733,0.23247661752722823,0.10616599087762602,-2.0401111841201782
102,32.21418319,-6.894169909,1772.8,42.43,69.77,2,0.06682778149843216,0.10406111180782318,0.17577776312828064,0.1971999853849411,0.2122555524110794,0.22611111402511597,0.2367222011089325,0.2431611269712448,0.3335000276565552,0.31700000166893005,0.1477441045252089,0.10018264170278164,0.08510935175313024,0.38928281956174327,0.1043714810238661,-0.16971949092097655,-0.5243585287423632,0.25310135142872797,0.10571950932371621,-1.8543775975704193,0.06522777676582336,0.10048333555459976,0.17005555331707,0.18764999508857727,0.20029999315738678,0.2132277935743332,0.23381111025810242,0.2306944578886032,0.3155499994754791,0.3025611340999603,0.15786288528689763,0.10580469361850187,0.09030859074937715,0.3988333517792572,0.10289239498887653,-0.14878899802031464,-0.5169457476006928,0.2377722393272656,0.09547316570654285,-1.8183666467666626
103,32.19728485,-6.885879908,2561.68,46.05,47.28,2,0.059688884764909744,0.08919999748468399,0.14099998772144318,0.1582999974489212,0.1994333416223526,0.22105556726455688,0.2369999885559082,0.24160555005073547,0.28163889050483704,0.23823332786560059,0.25396827144258416,0.1640091174742918,0.14675907666432303,0.4530962505919169,0.20831307020959172,-0.08606933198625705,-0.51892856637695,0.17509404365323117,0.06709577014134283,-1.711599886417389,0.05268333479762077,0.08216110616922379,0.12798888981342316,0.13652777671813965,0.17676112055778503,0.1958611160516739,0.2199999839067459,0.21275556087493896,0.24490001797676086,0.2131222039461136,0.26440814858610734,0.16275760852202967,0.14441645835751354,0.4561767937979364,0.21824053922482128,-0.05355997830839835,-0.49757950210346186,0.155219795428178,0.05219363157765011,-1.5756221562623978
104,32.19375153,-6.91904658,1490.12,54.23,44.3,2,0.05988333001732826,0.09728889167308807,0.16321110725402832,0.19663332402706146,0.21695555746555328,0.2314833253622055,0.22327777743339539,0.25003889203071594,0.3109055757522583,0.2841833531856537,0.1554162937247994,0.1016369261085771,0.08564218664607082,0.393019292113111,0.11956321876349525,-0.16404067560743976,-0.5233208693474444,0.2521605383252591,0.08835418904139303,-1.7378666400909424,0.06522222608327866,0.09835556149482727,0.15786665678024292,0.19108888506889343,0.21267777681350708,0.22518889605998993,0.22011110186576843,0.2410222440958023,0.29344442486763,0.27016669511795044,0.16467753325968038,0.10634286200173829,0.09272808563766988,0.38231800686391126,0.1155567527452421,-0.14279531431687953,-0.49792973370446914,0.22531597513151594,0.07927891046727531,-1.6931776702404022
105,32.18758319,-6.944278246,2953.49,61.29,87.69,1,0.0782555639743805,0.12492222338914871,0.20285555720329285,0.23091112077236176,0.24516111612319946,0.26190000772476196,0.2704222500324249,0.28290554881095886,0.3873944580554962,0.37444445490837097,0.14276328121321977,0.10413269314292728,0.08887365996858558,0.368033540512123,0.10119256734035001,-0.17781884589896796,-0.5123242003635267,0.25728516448772226,0.14505770668111406,-2.1165445894002914,0.07569999992847443,0.12031111121177673,0.20053333044052124,0.22458890080451965,0.2369222342967987,0.2509888708591461,0.2732888460159302,0.2690333127975464,0.35894444584846497,0.34831109642982483,0.15355025373858916,0.11206694199574306,0.09529265405848392,0.38866298536457716,0.0900373011552076,-0.13548100171135194,-0.4979250227217863,0.23169693300939873,0.12502433349087472,-2.1284886598587036
106,32.1875082,-6.957111584,1180.2,20.37,28.3,1,0.04717222601175308,0.0741611123085022,0.12442222237586975,0.13332778215408325,0.15192778408527374,0.16724999248981476,0.17293332517147064,0.18621110916137695,0.24591663479804993,0.22679999470710754,0.16314174405888945,0.09125998360108112,0.07746036677557726,0.3997346661081326,0.16549887440645375,-0.17424690564049075,-0.5366056325551605,0.25444106779546793,0.05577389147058742,-1.3384555131196976,0.03832222521305084,0.06056667119264603,0.10304444283246994,0.10655555129051208,0.12265554815530777,0.13614444434642792,0.14435556530952454,0.15068890154361725,0.19557778537273407,0.18076665699481964,0.16698108710798068,0.0829096642233501,0.07000909627023627,0.4088814134483136,0.1715619116187525,-0.15068312600020428,-0.5270897346885862,0.24089846858557404,0.035353942444279474,-1.1158666983246803
107,32.1914182,-6.971603247,1216.97,20.85,32.1,1,0.0507500022649765,0.081377774477005,0.13165554404258728,0.16503889858722687,0.18400000035762787,0.2021944373846054,0.20807777345180511,0.2215166687965393,0.27495554089546204,0.24369999766349792,0.2249477023563682,0.13651160639412435,0.11812614371304704,0.4377183282327098,0.14610517821655647,-0.13845373666529912,-0.5432491364801674,0.22208397756295187,0.0670066646737899,-1.535911038517952,0.04936666786670685,0.0771888867020607,0.1249111071228981,0.15048888325691223,0.17445555329322815,0.1848333328962326,0.2014666646718979,0.20389999449253082,0.24896666407585144,0.22318890690803528,0.23456118623964223,0.13895985618550108,0.12107984823091336,0.4459906752658391,0.15071328260664987,-0.1054540067684476,-0.526674393360499,0.19696214414481406,0.0555665976116293,-1.4775110855698586
108,32.21371487,-6.954701589,3061.69,61.93,86.64,1,0.07302142679691315,0.12145714461803436,0.21785713732242584,0.24572142958641052,0.25607141852378845,0.2748642861843109,0.28375715017318726,0.2888999879360199,0.4042999744415283,0.37187856435775757,0.13137586859497474,0.09869070410656963,0.08063178615123914,0.4005288244785289,0.08076473716474902,-0.17519304688640086,-0.5379724192635772,0.2710888341050765,0.15035049406519363,-2.2651571482419968,0.07313571870326996,0.1169285699725151,0.20552857220172882,0.22951427102088928,0.2416214495897293,0.2574000060558319,0.27218571305274963,0.2722499966621399,0.37347859144210815,0.361299991607666,0.1395334884657658,0.10226475442210302,0.08515919313125382,0.39900139741504287,0.08517092249995846,-0.15688164503956034,-0.5231367751776194,0.25281672859413185,0.1349378119536766,-2.154714286327362
109,32.24688488,-6.972841588,2542.45,48.88,74.92,1,0.06672222167253494,0.10722222924232483,0.1876000016927719,0.21463333070278168,0.22583334147930145,0.2405555546283722,0.2468888759613037,0.2588889002799988,0.3720777928829193,0.3568611443042755,0.13645659804272103,0.09516786505373324,0.07917546332072728,0.3944147593006156,0.09346038388082789,-0.20225469806495758,-0.5525882555014733,0.2817700979082684,0.1327801069384078,-1.9579999297857285,0.06443333625793457,0.10301666706800461,0.17827777564525604,0.2000500112771988,0.21008332073688507,0.22388333082199097,0.23908890783786774,0.2421555519104004,0.34390556812286377,0.332705557346344,0.14570193178672503,0.09943319278020804,0.08327985161867872,0.39774926324878823,0.09521712082152577,-0.1797901428353602,-0.5389951126799205,0.26481726976460285,0.11441929371682846,-1.8808000832796097
110,32.24679655,-6.985013259,2472.04,33.82,63.01,1,0.06381666660308838,0.10272222012281418,0.18272222578525543,0.20763333141803741,0.2209722250699997,0.23518888652324677,0.23963332176208496,0.24774445593357086,0.33265554904937744,0.31647777557373047,0.13474688842746566,0.09255286011153178,0.07660288987628695,0.39990911344847324,0.08808318179226315,-0.16254418331226642,-0.5281237230730103,0.2588185156087917,0.10527808819540496,-1.9063332974910736,0.06084999814629555,0.10023888945579529,0.17817777395248413,0.19851110875606537,0.21300557255744934,0.22660000622272491,0.2396666705608368,0.2388666719198227,0.3183000087738037,0.30631667375564575,0.1471573866030783,0.10048908119875904,0.08298731362200368,0.41019564577885526,0.0922670626046162,-0.1409283761636207,-0.521005621507085,0.24587512926951752,0.09750059994398441,-1.888744443655014
111,32.24217987,-7.00684325,3400.0,98.6,40.06,1,0.05740000307559967,0.08708333224058151,0.10607777535915375,0.1366722136735916,0.24462223052978516,0.3017388880252838,0.2980666756629944,0.31529998779296875,0.22227223217487335,0.17364998161792755,0.4750501939175925,0.3185147573821768,0.3191234191712856,0.547795244826889,0.3952184960591533,0.14566360923768207,-0.4370016739564305,-0.03965488369802856,0.03859756903134248,-1.8465555906295776,0.07125554978847504,0.10410556197166443,0.14461112022399902,0.16802221536636353,0.20324444770812988,0.22394445538520813,0.24210000038146973,0.2439388632774353,0.2717221975326538,0.23804444074630737,0.252097430642119,0.16491652900028395,0.15470986459126915,0.39859104825837005,0.18428111698491742,-0.05765067607780589,-0.44599322662079793,0.1411255837548853,0.06468195855001824,-1.725344479084015
112,32.25646988,-7.017748259,3078.86,99.23,43.72,1,0.05731111019849777,0.09035555273294449,0.13771110773086548,0.17162777483463287,0.22556665539741516,0.251161128282547,0.2639111280441284,0.26881664991378784,0.2860499918460846,0.24711667001247406,0.31422567965021725,0.2099549267517572,0.19002084246704867,0.48990092559818005,0.22066092654937738,-0.0402553252603027,-0.5199031773352357,0.13763913364397704,0.07068772144209978,-1.8274000734090805,0.03183889016509056,0.056433334946632385,0.07392778247594833,0.10391110926866531,0.18996666371822357,0.21952222287654877,0.23389999568462372,0.2334500104188919,0.18942779302597046,0.14001667499542236,0.5196808866467804,0.29704143172620207,0.27798531916235775,0.611251418295253,0.3839769706901034,0.1050538229230272,-0.5409332440434621,-0.0045045082067246296,0.02652304973121744,-1.4262722209095955
113,32.25208487,-6.975248257,1291.41,24.23,34.67,1,0.04546666517853737,0.08002778142690659,0.14393332600593567,0.16581666469573975,0.17858333885669708,0.19539445638656616,0.2030666619539261,0.21426665782928467,0.3222833573818207,0.30426666140556335,0.1704130773180817,0.10472255629617436,0.08566738057787537,0.43462131797083764,0.12747203082787978,-0.22692812565554715,-0.6021597514552811,0.30455873067045736,0.0980600811771426,-1.5749443769454956,0.047938890755176544,0.07911667227745056,0.13615554571151733,0.15129444003105164,0.1659555584192276,0.1780499964952469,0.1923888772726059,0.19547221064567566,0.2786777913570404,0.26054999232292175,0.1711589893359627,0.10180503905612455,0.08521335497923176,0.4172003289276097,0.1273991325319503,-0.18317771060362867,-0.5577535115962562,0.2663552024333914,0.07260949639864567,-1.484488770365715
114,32.26836818,-6.727043247,1294.0,25.73,35.69,4,0.06794999539852142,0.09898332506418228,0.1684444546699524,0.19582778215408325,0.2065611183643341,0.21988889575004578,0.2200888842344284,0.22813889384269714,0.27264443039894104,0.26383334398269653,0.13292148770858597,0.08718484828294165,0.07501526636217129,0.37955533343661246,0.07621144170455467,-0.10666123945152087,-0.4672985327778959,0.20990834890044388,0.07193269179041017,-1.7447000443935394,0.03551110997796059,0.05016666650772095,0.09479999542236328,0.11557777971029282,0.12573333084583282,0.13304443657398224,0.1306888908147812,0.1405666619539261,0.18122221529483795,0.1780555546283722,0.15916037296629126,0.07420285011923679,0.06260467623357843,0.4452294696050911,0.09755777632228908,-0.16201194291647059,-0.5663865402684233,0.24834168618789176,0.032267622055304646,-1.0271110981702805
115,32.25102818,-6.733423242,1253.62,16.48,32.38,4,0.06835555285215378,0.09717777371406555,0.16028888523578644,0.1819888949394226,0.19202221930027008,0.20358890295028687,0.21275554597377777,0.21638888120651245,0.276888906955719,0.2683666944503784,0.1406445350952652,0.09014431372977394,0.07892941313274338,0.37291173470218486,0.08635016369020083,-0.13097944940917414,-0.4804253948505826,0.21727566039234428,0.0743077606896847,-1.67086660861969,0.0659722238779068,0.09092222899198532,0.15024444460868835,0.16592778265476227,0.1788666844367981,0.19092778861522675,0.20404444634914398,0.20098888874053955,0.2541833221912384,0.24756111204624176,0.15185348161256754,0.09446453473157336,0.08350306169744084,0.3835084652963736,0.09555604507391749,-0.10941911244791072,-0.4730758232269018,0.19929157836349387,0.06292590590527114,-1.589599996805191
116,32.25448485,-6.748501572,1732.27,27.23,33.46,4,0.0508333295583725,0.08055555075407028,0.14086668193340302,0.16607779264450073,0.18939998745918274,0.20478889346122742,0.20915554463863373,0.21826666593551636,0.2650333642959595,0.2498111128807068,0.1950986461029148,0.12050660659891012,0.1020390764195195,0.44389046704046803,0.1357867194132152,-0.11783873154062839,-0.5338070897944625,0.21912239014249846,0.06620827968529142,-1.5890000313520432,0.04787777364253998,0.07018888741731644,0.125,0.14486666023731232,0.1749444603919983,0.19065555930137634,0.2085111141204834,0.20413333177566528,0.23198887705802917,0.21752221882343292,0.2503997927934557,0.15028794344620808,0.13053279664185802,0.49631225491074915,0.1698185464896245,-0.0532979871836897,-0.5354463766921786,0.16400984010293412,0.0504627352800191,-1.5271777957677841
117,32.26126986,-6.76307324,1460.02,27.93,35.44,4,0.05589999631047249,0.087788887321949,0.15662223100662231,0.18220001459121704,0.1951666623353958,0.2075333297252655,0.21480000019073486,0.22166666388511658,0.29333335161209106,0.2856999933719635,0.15663512881264327,0.10014279031677002,0.08381594717904772,0.4197481060625986,0.09772197435320301,-0.15455264053849654,-0.5393137496403126,0.24873960746640858,0.08380533661135026,-1.6815333813428879,0.0495000034570694,0.07822778075933456,0.14534443616867065,0.16291667520999908,0.17714999616146088,0.1896333247423172,0.2035222351551056,0.20270000398159027,0.2688666582107544,0.26268333196640015,0.1667622722426213,0.1028037752307594,0.08533778332506421,0.4447007874850263,0.10881158034350086,-0.1383276021832983,-0.5492420952287459,0.24157794216150374,0.07062678963347224,-1.587877795100212
118,32.27977819,-6.772396578,1304.89,24.12,35.9,3,0.062077779322862625,0.08941110968589783,0.1482222080230713,0.1685222089290619,0.1812666654586792,0.19565556943416595,0.20822222530841827,0.21453332901000977,0.30650001764297485,0.2760888934135437,0.16832923032695637,0.10508565696192187,0.09191336089109872,0.3991861839857528,0.12011605473290479,-0.19093364137540028,-0.5483273705222732,0.25436767739489474,0.08462125070228055,-1.6033999472856522,0.0588500052690506,0.08611666411161423,0.13708889484405518,0.15551666915416718,0.16731666028499603,0.18177777528762817,0.2000555545091629,0.200572207570076,0.27763888239860535,0.2557111084461212,0.18676463337640314,0.11282400494996307,0.09955430492364223,0.398147977286319,0.12652891239922417,-0.16241203943936644,-0.5265135325025122,0.23131607162176782,0.07099534636588967,-1.513488918542862
119,32.29129485,-6.783476576,1567.72,34.73,33.4,3,0.05641110613942146,0.08695555478334427,0.15602223575115204,0.18120001256465912,0.1931999921798706,0.2084999978542328,0.2166222184896469,0.22404445707798004,0.29758891463279724,0.27116668224334717,0.16262145293248975,0.10416610529751813,0.08758881876627825,0.4271283166787446,0.1057249330148242,-0.15745807659596595,-0.5477477276464602,0.24850918394877594,0.0806961986533743,-1.6893111616373062,0.04924444481730461,0.07651111483573914,0.13940000534057617,0.15567778050899506,0.17101113498210907,0.18378889560699463,0.1977333277463913,0.19722221791744232,0.2495444416999817,0.23564444482326508,0.1730274538523306,0.10452335386773155,0.08759809222847272,0.4420224939738794,0.1177229738621954,-0.11583655029822762,-0.5306866356519194,0.2232453433408336,0.058803761423123824,-1.532644435763359
120,32.29166486,-6.797259909,1927.4,42.69,40.76,3,0.06822221726179123,0.10286667197942734,0.16991110146045685,0.1889222264289856,0.20447777211666107,0.21793334186077118,0.23260000348091125,0.2345222383737564,0.31201112270355225,0.2864221930503845,0.15574452753009504,0.10419079888971618,0.0900495613662203,0.38672494350365666,0.10768829357192068,-0.1458125169663379,-0.5041109765342524,0.23136542759051443,0.08936691002086405,-1.8068221807479858,0.05610555410385132,0.08737777918577194,0.13643333315849304,0.15851666033267975,0.21450555324554443,0.24015553295612335,0.25173333287239075,0.2553221881389618,0.25584444403648376,0.22272777557373047,0.29703735407224974,0.19472696531580105,0.1747455086893933,0.48466578462861915,0.23392083157459984,-0.008099470353154599,-0.49083845089710787,0.1206068851369001,0.0569836639131438,-1.766077771782875
121,32.27064319,-6.79060991,1397.97,29.35,35.1,3,0.06256666779518127,0.09558889269828796,0.16580000519752502,0.1858888864517212,0.1977333426475525,0.21005555987358093,0.21942222118377686,0.22208888828754425,0.30585557222366333,0.2851555645465851,0.13919813597146177,0.09086229602275235,0.07682388097224237,0.3931078067891354,0.08873032794550584,-0.1645478867755888,-0.5237752600287566,0.25166599987992344,0.08721641836715754,-1.7349333465099335,0.05311666429042816,0.08341667056083679,0.14624445140361786,0.1610666662454605,0.1713722199201584,0.18427778780460358,0.20177777111530304,0.19628332555294037,0.2649555802345276,0.25804445147514343,0.15956831477650163,0.09822853382320319,0.08259612033972055,0.41501895844749803,0.09854948934432285,-0.1353616766428787,-0.5211061120342261,0.23465980237223374,0.06837031736689703,-1.573277771472931
122,32.26760319,-6.809678249,2623.79,65.01,54.87,3,0.0713111087679863,0.10957777500152588,0.17660000920295715,0.20696666836738586,0.2323666661977768,0.24953334033489227,0.2602222263813019,0.2658666670322418,0.338866651058197,0.301633358001709,0.19143305943449782,0.13389234478330808,0.11711867521129575,0.40736736184177863,0.12456820221972474,-0.1312733844796909,-0.5112983063699327,0.21715859019051864,0.10221348587347734,-1.9649556279182434,0.06568333506584167,0.09857222437858582,0.16324444115161896,0.18615001440048218,0.1997833400964737,0.2159166783094406,0.23355555534362793,0.23298335075378418,0.3008333444595337,0.2818833291530609,0.17719534938467635,0.11760333597255142,0.10217279275821091,0.40641987451793427,0.11173850648784785,-0.12589668126488104,-0.5064053567478416,0.2159508630743956,0.08479990465650289,-1.7868555337190628
123,32.26476486,-6.822394915,2162.39,48.86,44.69,3,0.06447777152061462,0.09888889640569687,0.17053332924842834,0.19748888909816742,0.21026666462421417,0.22637778520584106,0.23253335058689117,0.24202221632003784,0.32321110367774963,0.2955999970436096,0.1538207554392076,0.10298246417933772,0.08746440757057507,0.4032452709215319,0.10132469139356834,-0.16316447646369855,-0.5314432757551821,0.24879156310384742,0.0955412012916046,-1.8175556063652039,0.056727781891822815,0.08708333224058151,0.1507444530725479,0.17087776958942413,0.18532222509384155,0.19832777976989746,0.21116666495800018,0.21253889799118042,0.2876833379268646,0.2679555416107178,0.1669531791322282,0.10515390268462246,0.0893727146581046,0.4160379998889426,0.10865758277016062,-0.1533861328515186,-0.5352663967192931,0.24143844660395847,0.07708634462657216,-1.6353889256715775
124,32.26956319,-6.842998252,1643.45,48.17,36.09,3,0.06834444403648376,0.10333333164453506,0.17422223091125488,0.19617778062820435,0.21454446017742157,0.22659999132156372,0.23773333430290222,0.2410111129283905,0.3119555413722992,0.2860777676105499,0.1541697906289019,0.10446414136975991,0.0896804564341297,0.3940578651712098,0.1025491105981934,-0.1350258486552079,-0.5023544399585994,0.22732563195705252,0.0892435448695279,-1.8531111627817154,0.06464444100856781,0.09767778217792511,0.16300000250339508,0.18212223052978516,0.20044444501399994,0.21338889002799988,0.22922222316265106,0.22665555775165558,0.2842888832092285,0.2735888659954071,0.16883852101436428,0.11133250005594894,0.09611972575129395,0.40239962812260766,0.1089426294421528,-0.10723557729531007,-0.488553367225396,0.2070040781026948,0.07777827317231356,-1.7657555639743805
125,32.26090986,-6.845983247,1988.84,31.09,46.8,3,0.07094445079565048,0.10642222315073013,0.18131110072135925,0.20659999549388885,0.2162555456161499,0.22885555028915405,0.23908890783786774,0.24527780711650848,0.33347779512405396,0.31033337116241455,0.1374353135174432,0.0941620055071803,0.08047621626104853,0.3839722440303767,0.08559351956124645,-0.16485221133722006,-0.5161526756639974,0.2482420131753163,0.10348928836865667,-1.8891555964946747,0.06406667083501816,0.09734444320201874,0.16667777299880981,0.18549445271492004,0.19870556890964508,0.20987778902053833,0.22785554826259613,0.22493889927864075,0.30034998059272766,0.29463332891464233,0.15506364560824537,0.10258607557097682,0.0875257519898472,0.40132567061722285,0.09610438887587076,-0.137246636456055,-0.5104560806842637,0.23072078603911034,0.08849311462148357,-1.7779777199029922
126,32.26227652,-6.796281578,2489.97,60.57,67.41,3,0.06932221353054047,0.1080888882279396,0.18959999084472656,0.21691112220287323,0.226666659116745,0.24079997837543488,0.2511777877807617,0.2567777633666992,0.34645557403564453,0.32154443860054016,0.13970258888357623,0.09818120442747272,0.08237342505338036,0.39828046604321315,0.08416207830531533,-0.1594251462232243,-0.5244078524161437,0.25165391694994793,0.1114008630533192,-1.9877111166715622,0.06322777271270752,0.10014443844556808,0.17552222311496735,0.19556111097335815,0.21161110699176788,0.2250722199678421,0.24338889122009277,0.23872777819633484,0.31493890285491943,0.3086888790130615,0.1620073223668062,0.11078329619655583,0.09310507209799304,0.4169739585296176,0.09939620423195684,-0.12815054572952758,-0.5174731012304925,0.2306480799432179,0.09721813687988856,-1.8942666947841644
127,32.25428652,-6.805158249,1551.08,27.28,39.37,3,0.06137777864933014,0.09528888761997223,0.16046667098999023,0.18147777020931244,0.18952222168445587,0.2029888927936554,0.21326667070388794,0.2194777876138687,0.3013666868209839,0.2771444320678711,0.14127719869282773,0.09064550451663446,0.07693503117113021,0.3823550719437407,0.0947736390439072,-0.17118986683961362,-0.5195383903829361,0.2541677514008999,0.08352209926317755,-1.6780889332294464,0.0569777749478817,0.08694444596767426,0.14878888428211212,0.1644388884305954,0.1743333339691162,0.18721666932106018,0.20393332839012146,0.20073890686035156,0.2776777744293213,0.2703833281993866,0.15633958387223154,0.09700306258329916,0.08258453147453367,0.4021925782351175,0.09940368444754774,-0.15312031939123813,-0.5230984763651562,0.2408509036413554,0.07507944081719842,-1.5897221714258194
128,32.23305782,-6.805158249,1068.75,11.53,29.29,3,0.05076111480593681,0.0769222304224968,0.132466658949852,0.14917223155498505,0.1618500053882599,0.17500001192092896,0.18240000307559967,0.18970555067062378,0.24256666004657745,0.23199445009231567,0.15858568082741553,0.09191689840697162,0.07819230658541257,0.4067440374222023,0.11961043515400228,-0.14157970977620019,-0.518466945321367,0.2332678371901842,0.056274118908235415,-1.4204888492822647,0.04605555534362793,0.06964444369077682,0.12105555087327957,0.1341833472251892,0.14883333444595337,0.16030000150203705,0.1738777756690979,0.17447777092456818,0.21736112236976624,0.21196667850017548,0.17909886697436242,0.0996729342552021,0.08493442003965344,0.42802390609073,0.13054583554408988,-0.11114269774169074,-0.5146822766954515,0.21220263475424267,0.04607331514378954,-1.3353777453303337
129,32.22002652,-6.768451569,3316.16,88.26,168.4,4,0.08066666126251221,0.12824445962905884,0.2276444435119629,0.2596111297607422,0.2698666751384735,0.28630000352859497,0.2979111075401306,0.30176109075546265,0.36543333530426025,0.35930001735687256,0.13369978445438027,0.10277356105588253,0.08532570114670984,0.3981331245769663,0.07508380247401276,-0.10179059821893856,-0.4804527925481956,0.22075725324522222,0.13130020371760054,-2.37128883600235,0.0804888904094696,0.12813332676887512,0.22753334045410156,0.25529998540878296,0.272766649723053,0.28850001096725464,0.3053555488586426,0.3035110831260681,0.35376667976379395,0.3500777781009674,0.14603833898445207,0.11301633100582838,0.09412964564251669,0.40882761160685677,0.08627441427997411,-0.07344788072598099,-0.4682161225731515,0.20209553891417972,0.12384585321786545,-2.4081777930259705
130,32.22778817,-6.732774901,1817.94,37.27,48.45,4,0.06521666795015335,0.09889443963766098,0.1674555540084839,0.1908722221851349,0.20871110260486603,0.22491110861301422,0.2362888902425766,0.2460888773202896,0.3164888918399811,0.2941444516181946,0.17048738885135636,0.11424690354440085,0.09822684808604905,0.40990836341443015,0.12636515028748938,-0.14508542863313045,-0.5238401139122068,0.23227307465122055,0.09309345153352133,-1.8209333419799805,0.05917777493596077,0.09048888832330704,0.1573111116886139,0.17855556309223175,0.19665555655956268,0.21131111681461334,0.22788888216018677,0.2313888818025589,0.29464444518089294,0.2770777940750122,0.18322370564744211,0.11959631319816999,0.10211363802525078,0.4315627727295754,0.12887921580449085,-0.12775369416653168,-0.5300905908869322,0.22311764982737686,0.08163943290717768,-1.7450221925973892
131,32.23350484,-6.697196564,3260.8,90.37,133.73,4,0.10024444013834,0.14326664805412292,0.24284444749355316,0.270677775144577,0.2796333432197571,0.29356664419174194,0.298799991607666,0.2988777756690979,0.3487444519996643,0.363277792930603,0.1033067820351968,0.08057770292864135,0.06980365795963155,0.3518323466360283,0.049512291531039726,-0.07712900760392519,-0.4176283898990285,0.19436502031683583,0.12669111481923068,-2.42168889939785,0.1040833368897438,0.15177778899669647,0.2605000138282776,0.2872888743877411,0.29921114444732666,0.30970558524131775,0.32668888568878174,0.31814444065093994,0.36419999599456787,0.37075555324554443,0.11272159913482765,0.09132111984850003,0.07845764007301412,0.3655658911699499,0.05096443397777518,-0.05429398452627634,-0.4116886671579846,0.18373556509332992,0.13502917100699108,-2.6323889195919037
132,32.2389415,-6.660248234,1428.46,29.53,45.71,6,0.06782221794128418,0.1006999984383583,0.16795556247234344,0.18649999797344208,0.19451111555099487,0.20749999582767487,0.22502224147319794,0.21564443409442902,0.2743888795375824,0.26507776975631714,0.1452160358236078,0.09585906628705196,0.08274903384483193,0.3816817748978861,0.07247255892279912,-0.09884969695031907,-0.46306059932628657,0.20334907409842914,0.0727343922337571,-1.7634890228509903,0.0641944482922554,0.09503333270549774,0.1662222146987915,0.18183888494968414,0.19226109981536865,0.20328886806964874,0.2196333259344101,0.21312777698040009,0.26927778124809265,0.2576777935028076,0.1384225583739102,0.09043987781141066,0.07693871690909641,0.39597456359532873,0.07921907079093053,-0.10154086189252846,-0.47828474452335035,0.21085272639032485,0.06938690451134022,-1.7392110377550125
133,32.26174818,-6.660363239,1187.06,21.54,26.57,6,0.05390000343322754,0.08122222125530243,0.1348666548728943,0.15710000693798065,0.17563332617282867,0.18853333592414856,0.19020000100135803,0.20466667413711548,0.2522999942302704,0.22929999232292175,0.17022153751643837,0.10059795605816553,0.08672123223768681,0.40150647370906234,0.13148437807011995,-0.1403389689440943,-0.5129426602451482,0.2266342497899572,0.0578523867400742,-1.4628888368606567,0.046755556017160416,0.07034444063901901,0.11737777292728424,0.1341666728258133,0.15886667370796204,0.1746000051498413,0.1728888899087906,0.18766666948795319,0.21639999747276306,0.2038000077009201,0.19124179210898185,0.10536528919673224,0.090913072693665,0.4215888037105457,0.16623509581473317,-0.11177074111944839,-0.5093579400743216,0.20623191643002842,0.0441023211514282,-1.3106444329023361
134,32.24597318,-6.651409907,3083.92,77.29,97.94,6,0.09042222052812576,0.1357666701078415,0.22348888218402863,0.2400389015674591,0.2585444748401642,0.27353331446647644,0.28744444251060486,0.2844555377960205,0.33996665477752686,0.33650001883506775,0.12517398476528457,0.09489581374601767,0.08198543343362111,0.3583974227565092,0.08468466548049633,-0.08371259674912819,-0.4292320372756247,0.19715765093568474,0.11439878573593276,-2.2831332832574844,0.08816111087799072,0.13369445502758026,0.2274666577577591,0.23926666378974915,0.2627388834953308,0.2751777768135071,0.30763334035873413,0.2890055477619171,0.332705557346344,0.3293111026287079,0.1498162637513338,0.1161723737998976,0.09964907504367863,0.39412628607443795,0.09415389034361407,-0.039154605535150246,-0.42669617626964274,0.1719492629639702,0.10956363394042334,-2.4081110805273056
135,32.24788652,-6.651918234,2700.26,42.84,65.84,6,0.07899999618530273,0.11931110918521881,0.20377777516841888,0.22842222452163696,0.23971112072467804,0.2529444694519043,0.2644888758659363,0.2656888961791992,0.33818888664245605,0.34104445576667786,0.12965070314907504,0.09405121094379708,0.08010836128195682,0.3782641270376892,0.0754216410456061,-0.12228758922095771,-0.4784213748086238,0.22415331086110782,0.11533744479131514,-2.102711036801338,0.07528888434171677,0.11371111869812012,0.19938889145851135,0.21927222609519958,0.23069998621940613,0.24363888800144196,0.2606666386127472,0.253461092710495,0.33826664090156555,0.3386833369731903,0.1331964143796903,0.09574094190627848,0.08095527539951046,0.3925327203669014,0.07232167732400988,-0.12956368399195,-0.4968286977339424,0.23088078836423462,0.11456527472725409,-2.0728554129600525
136,32.24508485,-6.62548824,1754.08,56.34,41.3,6,0.07441111654043198,0.11673332750797272,0.18806666135787964,0.21426667273044586,0.2251555323600769,0.24166665971279144,0.24764445424079895,0.2534888982772827,0.33846667408943176,0.33059999346733093,0.13673691263148274,0.09550670910562085,0.08192941336324236,0.35927307572175937,0.08385196862216918,-0.1549573371050273,-0.4871119185330236,0.24096209946214917,0.11189708024287537,-1.9450889229774475,0.03839444741606712,0.056450001895427704,0.09694443643093109,0.11272222548723221,0.12116111814975739,0.13004443049430847,0.1347888857126236,0.14136111736297607,0.20862777531147003,0.2002166509628296,0.16331034642889292,0.07757836387202552,0.06623122999706955,0.40963887830237977,0.11271455830897585,-0.2150125423840559,-0.5740872525997444,0.2765270914467004,0.04177075447068823,-1.045766606926918
137,32.25087485,-6.600019902,1258.78,11.85,27.44,6,0.054438889026641846,0.0801277756690979,0.13676667213439941,0.15016111731529236,0.16101111471652985,0.1720888912677765,0.1830444484949112,0.18076667189598083,0.2460722178220749,0.23240000009536743,0.14470346160804193,0.08467397281398359,0.07251965829433074,0.3910620612098239,0.09248408712108785,-0.1468779335028845,-0.5087199416168829,0.23432265645478148,0.05718718344531748,-1.4388000518083572,0.05424444377422333,0.07741111516952515,0.1332666575908661,0.14402221143245697,0.15382221341133118,0.1673888862133026,0.1829555481672287,0.17582222819328308,0.23332221806049347,0.2183888703584671,0.15713283101073877,0.09131500630434146,0.07883510758949003,0.40536845708171826,0.0994233843758951,-0.12099293754910527,-0.5017520996815745,0.21429491406733095,0.0509549756317631,-1.4262887984514236
138,32.27443984,-6.630808243,1156.92,22.98,27.18,6,0.0692666620016098,0.09471110999584198,0.13565555214881897,0.1536611020565033,0.16876111924648285,0.18123890459537506,0.19491110742092133,0.19866666197776794,0.2626277804374695,0.22555555403232574,0.17925448128971583,0.10701529116783703,0.09946583387940362,0.3459679232236686,0.12773776122039918,-0.1480020052186353,-0.46990874619916656,0.20243537704276643,0.05923715452085343,-1.4634110778570175,0.0623222179710865,0.08421111106872559,0.10582222044467926,0.13582220673561096,0.20703333616256714,0.24015556275844574,0.25111111998558044,0.25432220101356506,0.22727778553962708,0.18558889627456665,0.40704771080985946,0.2543177386492269,0.25603773367271254,0.4977302217463025,0.3037336730208987,0.0498199981664866,-0.4592994343277842,0.030418644578084218,0.04218023336602705,-1.6162444800138474
139,32.28384152,-6.621784911,1333.79,7.12,30.61,6,0.06423333287239075,0.09014444053173065,0.1348000019788742,0.1535777598619461,0.16076667606830597,0.17124444246292114,0.18297776579856873,0.19172221422195435,0.28412219882011414,0.265155553817749,0.1516083519783161,0.08836954069557079,0.07976304214694191,0.3398966571567372,0.11046758503454845,-0.21653701662678923,-0.518287598665023,0.25777288420634287,0.07533657898006396,-1.4085999578237534,0.0629444420337677,0.0882333293557167,0.13295555114746094,0.14697778224945068,0.16208890080451965,0.17562222480773926,0.1862444430589676,0.1922222077846527,0.26392224431037903,0.2517777681350708,0.16694515260579626,0.09757487601631713,0.08811609244797619,0.3570821508930507,0.13338569201392791,-0.17255341911856306,-0.4988957369800144,0.22859700799095198,0.06644975363366612,-1.4195333123207092
140,32.29512985,-6.636609912,1580.56,22.68,40.35,6,0.0611666701734066,0.0897388905286789,0.14747779071331024,0.1689944565296173,0.17962777614593506,0.19228333234786987,0.19967778027057648,0.20881666243076324,0.29482775926589966,0.2895222008228302,0.15036483285853497,0.09242692489758608,0.08026843124001483,0.37986370673957986,0.10540241882060516,-0.1924143840574515,-0.5332986318846762,0.2580688319248312,0.08535918172632684,-1.5563000738620758,0.05855555832386017,0.08430000394582748,0.1375555396080017,0.1561555564403534,0.16689999401569366,0.17900000512599945,0.18866665661334991,0.19642221927642822,0.2677000164985657,0.2712000012397766,0.15667577939421382,0.09279183718211642,0.08113734963106377,0.3823421221895129,0.11420646874298092,-0.17317951631550174,-0.5210227311923917,0.24220494236047965,0.07260024480629923,-1.4625109732151031
